{
    "model-name": "featureEmbeddingBackbone",
    "epochs": 5,
    "resumed_from": null,
    "train_size": 13850,
    "test_size": 3995,
    "tag_name": "SkyData_featureEmbeddingBackbone_first_stage_5_epochs",
    "per_epoch_metrics": {
        "train_loss": {
            "fir_frgb": [
                158168.921875,
                38228.828125,
                15838.0537109375,
                10632.75,
                11695.501953125
            ],
            "fir_Iir": [
                83196.265625,
                35051.9921875,
                28894.916015625,
                13680.2216796875,
                7095.94287109375
            ],
            "frgb_Irgb": [
                171347.84375,
                18793.142578125,
                6585.4287109375,
                4380.9111328125,
                4263.68359375
            ],
            "fir_Irgb": [
                76242.21875,
                44419.27734375,
                23532.1640625,
                30985.28515625,
                16118.595703125
            ],
            "frgb_Iir": [
                158168.921875,
                38228.828125,
                15838.0537109375,
                10632.75,
                11695.501953125
            ],
            "ir_Irgb": [
                24358.8046875,
                21179.0859375,
                24816.0546875,
                22450.638671875,
                24106.919921875
            ],
            "total_loss": [
                405842.1875,
                101476.296875,
                45984.546875,
                46012.6328125,
                32084.8828125
            ]
        },
        "test_results": {
            "fir_frgb": [
                15007.5615234375,
                14598.181640625,
                14788.962890625,
                12834.521484375,
                9693.9462890625
            ],
            "fir_Iir": [
                69664.078125,
                9381.150390625,
                11582.361328125,
                5213.59912109375,
                7621.96044921875
            ],
            "frgb_Irgb": [
                4225.58984375,
                10781,
                3146.970947265625,
                3319.82275390625,
                7735.02294921875
            ],
            "fir_Irgb": [
                41969.2734375,
                15053.80078125,
                41629.2109375,
                15504.15625,
                15931.2353515625
            ],
            "frgb_Iir": [
                15007.5615234375,
                14598.181640625,
                14788.962890625,
                12834.521484375,
                9693.9462890625
            ],
            "ir_Irgb": [
                25027.7109375,
                22643.265625,
                26543.900390625,
                25276.373046875,
                26262.19921875
            ],
            "total_loss": [
                61272.08984375,
                40442.3671875,
                59576.73046875,
                31663.71875,
                33367.828125
            ]
        }
    },
    "training_time": "0.04 hours"
}