{"model-name": "featureEmbeddingBackbone", "epochs": 5, "resumed_from": null, "train_size": 13850, "test_size": 3995, "tag_name": "SkyData_featureEmbeddingBackbone_first_stage_5_epochs", "per_epoch_metrics": {"train_loss": {"fir_frgb": [47883.3046875, 33086.9140625, 16705.173828125, 24490.9453125, 33671.4140625], "fir_Iir": [33372.38671875, 14761.025390625, 10487.4296875, 22998.9765625, 10737.87890625], "frgb_Irgb": [37432.375, 25430.60546875, 9287.720703125, 16079.546875, 20567.13671875], "fir_Irgb": [38177.85546875, 19473.80859375, 17762.794921875, 18946.73046875, 16585.484375], "frgb_Iir": [47883.3046875, 33086.9140625, 16705.173828125, 24490.9453125, 33671.4140625], "ir_Irgb": [22334.6171875, 22254.5078125, 20459.27734375, 19504.47265625, 24318.77734375], "total_loss": [123526.90625, 78006.09375, 43766.1796875, 59540.22265625, 70834.78125]}, "test_results": {"fir_frgb": [74319.015625, 38186.8203125, 19246.12890625, 64774.9765625, 18741.39453125], "fir_Iir": [21409.484375, 12424.2734375, 15339.791015625, 6289.8671875, 10029.484375], "frgb_Irgb": [87762.4140625, 42035.9140625, 11014.060546875, 70112.515625, 12733.76171875], "fir_Irgb": [53100.70703125, 13605.224609375, 14798.701171875, 13052.12890625, 15049.732421875], "frgb_Iir": [74319.015625, 38186.8203125, 19246.12890625, 64774.9765625, 18741.39453125], "ir_Irgb": [20722.236328125, 22895.37109375, 23526.638671875, 22240.78515625, 27613.09375], "total_loss": [215203.5625, 93840.390625, 45074.234375, 147945.921875, 46534.92578125]}}, "training_time": "0.05 hours"}