{
    "model-name": "regressionBlock",
    "epochs": 2,
    "resumed_from": null,
    "train_size": 13850,
    "test_size": 3995,
    "featureEmbeddingBackBone": null,
    "predicting_homography": true,
    "tag_name": "SkyData_regressionBlock_homography_second_stage_2_epochs",
    "per_epoch_metrics": {
        "backbone_train_loss": {
            "fir_frgb": [
                8775.9638671875,
                6705.5712890625
            ],
            "fir_Iir": [
                7601.669921875,
                8399.486328125
            ],
            "frgb_Irgb": [
                6807.41162109375,
                6500.90869140625
            ],
            "fir_Irgb": [
                14732.681640625,
                13764.6064453125
            ],
            "frgb_Iir": [
                8775.9638671875,
                6705.5712890625
            ],
            "ir_Irgb": [
                23046.44140625,
                19748.515625
            ],
            "total_loss": [
                30323.66015625,
                26979.48828125
            ]
        },
        "backbone_test_results": {
            "fir_frgb": [
                9205.25,
                8765.326171875
            ],
            "fir_Iir": [
                7400.328125,
                7794.27392578125
            ],
            "frgb_Irgb": [
                7732.14453125,
                7176.794921875
            ],
            "fir_Irgb": [
                16291.5078125,
                14736.876953125
            ],
            "frgb_Iir": [
                9205.25,
                8765.326171875
            ],
            "ir_Irgb": [
                26525.40625,
                24821.80859375
            ],
            "total_loss": [
                33236.3046875,
                30686.794921875
            ]
        },
        "train_loss": {
            "l1_homography_loss": [
                6.2927350997924805,
                6.639680862426758
            ],
            "l2_homography_loss": [
                227.58251953125,
                235.25228881835938
            ],
            "l1_corners_loss": [
                96.54685974121094,
                100.37895965576172
            ],
            "l2_corners_loss": [
                13752.16796875,
                15566.19140625
            ],
            "total_loss": [
                227.58251953125,
                235.25228881835938
            ]
        },
        "test_results": {
            "l1_homography_loss": [
                7.334187984466553,
                7.177760124206543
            ],
            "l2_homography_loss": [
                306.2149658203125,
                274.70849609375
            ],
            "l1_corners_loss": [
                94.88722229003906,
                96.13496398925781
            ],
            "l2_corners_loss": [
                13549.734375,
                13380.5712890625
            ],
            "total_loss": [
                306.2149658203125,
                274.70849609375
            ]
        }
    },
    "training_time": "0.01 hours",
    "featureEmbeddingBackbone": "models/SkyData/featureEmbeddingBackBone_1.keras"
}