{"model-name": "regressionBlock", "epochs": 10, "resumed_from": null, "train_size": 13850, "test_size": 3995, "featureEmbeddingBackBone": null, "predicting_homography": true, "tag_name": "SkyData_regressionBlock_homography_second_stage_10_epochs", "per_epoch_metrics": {"backbone_train_loss": {"fir_frgb": [9200.0615234375, 17751.34375, 14476.232421875, 13864.599609375, 17772.40625, 13583.09375, 13551.7177734375, 17032.775390625, 12289.931640625, 16021.353515625], "fir_Iir": [9111.2939453125, 9407.244140625, 9500.802734375, 9022.900390625, 8492.9404296875, 9192.96875, 9014.296875, 9695.375, 9366.42578125, 9673.685546875], "frgb_Irgb": [11741.4521484375, 12369.779296875, 12115.34765625, 12651.81640625, 12410.4951171875, 12797.93359375, 12296.9609375, 11656.2783203125, 11821.6201171875, 12389.9453125], "fir_Irgb": [10200.578125, 15113.486328125, 13737.556640625, 13725.5703125, 13331.91796875, 13403.103515625, 12279.361328125, 13443.1181640625, 11163.484375, 13095.73828125], "frgb_Iir": [9200.0615234375, 17751.34375, 14476.232421875, 13864.599609375, 17772.40625, 13583.09375, 13551.7177734375, 17032.775390625, 12289.931640625, 16021.353515625], "ir_Irgb": [19427.8203125, 25966.92578125, 25030.255859375, 23337.41796875, 22669.298828125, 24969.38671875, 22230.30078125, 24025.76171875, 21090.8671875, 23172.04296875], "total_loss": [31151.205078125, 45244.0234375, 40338.640625, 40251.015625, 43523.31640625, 39793.328125, 38137.05859375, 42141.87109375, 35284.40625, 41516.7109375]}, "backbone_test_results": {"fir_frgb": [18558.587890625, 15866.6953125, 16487.498046875, 12361.99609375, 16587.21484375, 15931.716796875, 13367.4912109375, 18135.2890625, 18717.404296875, 16524.4921875], "fir_Iir": [9637.4033203125, 8710.99609375, 9849.30078125, 10560.138671875, 9276.21484375, 9772.005859375, 8958.23828125, 9783.130859375, 10926.9814453125, 9590.302734375], "frgb_Irgb": [12453.75390625, 12737.09375, 12378.177734375, 12200.154296875, 12071.4267578125, 12229.6796875, 11684.6337890625, 11913.5625, 12279.009765625, 12213.794921875], "fir_Irgb": [14420.630859375, 14063.7783203125, 14155.46875, 13222.009765625, 12603.86328125, 13101.453125, 11719.484375, 14225.716796875, 15925.115234375, 12174.318359375], "frgb_Iir": [18558.587890625, 15866.6953125, 16487.498046875, 12361.99609375, 16587.21484375, 15931.716796875, 13367.4912109375, 18135.2890625, 18717.404296875, 16524.4921875], "ir_Irgb": [25091.708984375, 24242.44140625, 25533.33984375, 23886.287109375, 21016.859375, 22040.150390625, 20105.28125, 24101.837890625, 28656.20703125, 22816.5625], "total_loss": [45442.6171875, 42676.28125, 43031.0, 37794.72265625, 41271.78515625, 41272.62890625, 36780.57421875, 44284.35546875, 46932.46484375, 40922.19921875]}, "train_loss": {"l1_homography_loss": [7.6877827644348145, 6.752185344696045, 6.777987480163574, 6.167263507843018, 5.117399215698242, 4.095110893249512, 3.2082359790802, 3.419325113296509, 3.827085494995117, 3.4157094955444336], "l2_homography_loss": [306.300048828125, 260.19976806640625, 282.813720703125, 235.74807739257812, 162.48390197753906, 82.37171936035156, 61.63069534301758, 67.18179321289062, 74.93902587890625, 59.9304084777832], "l1_corners_loss": [97.38005065917969, 95.17913818359375, 94.6385269165039, 90.6604232788086, 100.087646484375, 105.26432800292969, 92.92036437988281, 110.59249114990234, 93.1661605834961, 202.52047729492188], "l2_corners_loss": [13816.08203125, 13350.6796875, 13511.978515625, 14587.1982421875, 16474.23828125, 24888.572265625, 16361.5458984375, 26087.99609375, 17257.109375, 1008139.875], "total_loss": [306.300048828125, 260.19976806640625, 282.813720703125, 235.74807739257812, 162.48390197753906, 82.37171936035156, 61.63069534301758, 67.18179321289062, 74.93902587890625, 59.9304084777832]}, "test_results": {"l1_homography_loss": [7.266602516174316, 7.025867462158203, 8.217967987060547, 5.1286725997924805, 4.1421122550964355, 4.514047145843506, 3.3843183517456055, 3.419686794281006, 4.841395854949951, 3.4464011192321777], "l2_homography_loss": [302.06207275390625, 279.8106689453125, 353.29296875, 158.6931610107422, 93.39805603027344, 101.52737426757812, 76.84294128417969, 64.6350326538086, 116.43569946289062, 65.25747680664062], "l1_corners_loss": [95.66682434082031, 95.94532775878906, 98.42021942138672, 121.93501281738281, 100.11868286132812, 125.48722839355469, 120.4177017211914, 131.3083953857422, 76.0036392211914, 184.45669555664062], "l2_corners_loss": [13576.3984375, 13960.517578125, 14101.8203125, 25130.0625, 20413.5390625, 33146.9296875, 23072.08984375, 27699.7890625, 10856.390625, 58299.0703125], "total_loss": [302.06207275390625, 279.8106689453125, 353.29296875, 158.6931610107422, 93.39805603027344, 101.52737426757812, 76.84294128417969, 64.6350326538086, 116.43569946289062, 65.25747680664062]}}, "training_time": "0.09 hours", "featureEmbeddingBackbone": "models/SkyData/featureEmbeddingBackBone_1.keras"}