{"model-name": "regressionBlock", "epochs": 2, "resumed_from": null, "train_size": 13850, "test_size": 3995, "featureEmbeddingBackBone": null, "predicting_homography": true, "tag_name": "train_regressionBlock_first_stage_2_epochs", "per_epoch_metrics": {"backbone_train_loss": {"fir_frgb": [16627.25390625, 13815.396484375], "fir_Iir": [10836.1328125, 11894.3115234375], "frgb_Irgb": [25287.50390625, 25417.50390625], "fir_Irgb": [14623.7978515625, 14870.212890625], "frgb_Iir": [16627.25390625, 13815.396484375], "ir_Irgb": [25422.755859375, 26853.31640625], "total_loss": [56549.3984375, 54115.01171875]}, "backbone_test_results": {"fir_frgb": [14029.7236328125, 16015.20703125], "fir_Iir": [11003.380859375, 11299.7373046875], "frgb_Irgb": [25212.59765625, 24685.0625], "fir_Irgb": [13191.5478515625, 11928.5224609375], "frgb_Iir": [14029.7236328125, 16015.20703125], "ir_Irgb": [22903.17578125, 22596.4453125], "total_loss": [52444.875, 52640.09375]}, "train_loss": {"l1_homography_loss": [7.53514289855957, 7.022963523864746], "l2_homography_loss": [303.81298828125, 263.3486633300781], "l1_corners_loss": [93.1234359741211, 96.00648498535156], "l2_corners_loss": [13048.6630859375, 13538.626953125], "total_loss": [303.81298828125, 263.3486633300781]}, "test_results": {"l1_homography_loss": [7.408328056335449, 7.671662330627441], "l2_homography_loss": [301.3748779296875, 304.40234375], "l1_corners_loss": [92.50289916992188, 97.84616088867188], "l2_corners_loss": [12607.248046875, 14337.1103515625], "total_loss": [301.3748779296875, 304.40234375]}}, "training_time": "0.02 hours", "featureEmbeddingBackbone": "models/featureEmbeddingBackBone_1.keras"}