{"model-name": "featureEmbeddingBackbone", "epochs": 5, "resumed_from": "models/featureEmbeddingBackBone_1.keras", "train_size": 13850, "test_size": 3995, "tag_name": "train_featureEmbeddingBackbone_first_stage_5_epochs", "per_epoch_metrics": {"train_loss": {"fir_frgb": [68998.4765625, 40852.5078125, 51283.92578125, 22675.91796875, 15847.2724609375], "fir_Iir": [36562.1015625, 18346.826171875, 8779.4287109375, 22518.693359375, 15159.119140625], "frgb_Irgb": [81199.9453125, 41361.19921875, 51451.8046875, 11179.529296875, 10114.28515625], "fir_Irgb": [43944.890625, 20944.763671875, 12946.8857421875, 22051.267578125, 16834.61328125], "frgb_Iir": [68998.4765625, 40852.5078125, 51283.92578125, 22675.91796875, 15847.2724609375], "ir_Irgb": [29492.859375, 27671.24609375, 21377.0859375, 20512.40625, 23572.955078125], "total_loss": [194179.875, 103176.828125, 115691.40625, 55929.234375, 42811.3359375]}, "test_results": {"fir_frgb": [31941.765625, 61128.19921875, 11716.337890625, 14267.7919921875, 14543.1015625], "fir_Iir": [8411.7763671875, 9031.4951171875, 4455.10986328125, 24866.734375, 12461.482421875], "frgb_Irgb": [47532.75390625, 36173.44921875, 11627.5908203125, 13663.2470703125, 24339.845703125], "fir_Irgb": [11168.47265625, 13519.091796875, 31375.017578125, 18005.4609375, 11995.607421875], "frgb_Iir": [31941.765625, 61128.19921875, 11716.337890625, 14267.7919921875, 14543.1015625], "ir_Irgb": [20213.302734375, 24183.28125, 24071.89453125, 31889.994140625, 21439.73046875], "total_loss": [90651.40625, 110829.78125, 54723.40625, 45961.3671875, 50891.015625]}}, "training_time": "0.04 hours"}