{"model.name": "featureEmbeddingBackbone", "epochs": 2, "train_size": 13850, "test_size": 3995, "tag_name": "train_featureEmbeddingBackbone_first_stage_2_epochs", "per_epoch_metrics": {"train_loss": {"fir_frgb": [62662.0390625, 19820.828125], "fir_Iir": [83975.2734375, 16188.634765625], "frgb_Irgb": [45995.77734375, 8529.001953125], "fir_Irgb": [97470.875, 17511.62890625], "frgb_Iir": [62662.0390625, 19820.828125], "ir_Irgb": [27194.84765625, 20331.712890625], "total_loss": [206212.671875, 45877.65234375]}, "test_results": {"fir_frgb": [20029.78125, 14334.794921875], "fir_Iir": [34601.1875, 28463.3984375], "frgb_Irgb": [9039.787109375, 5946.978515625], "fir_Irgb": [23023.525390625, 18960.2265625], "frgb_Iir": [20029.78125, 14334.794921875], "ir_Irgb": [22782.921875, 19551.2890625], "total_loss": [52127.703125, 39270.46875]}}, "training_time": "0.02 hours"}