{"model-name": "featureEmbeddingBackbone", "epochs": 5, "resumed_from": null, "train_size": 13850, "test_size": 3995, "tag_name": "train_featureEmbeddingBackbone_first_stage_5_epochs", "per_epoch_metrics": {"train_loss": {"fir_frgb": [32039.203125, 19078.52734375, 11200.04296875], "fir_Iir": [39601.9375, 19941.30078125, 21370.525390625], "frgb_Irgb": [15731.17578125, 5340.6875, 5317.4013671875], "fir_Irgb": [42812.31640625, 19599.98828125, 20599.390625], "frgb_Iir": [32039.203125, 19078.52734375, 11200.04296875], "ir_Irgb": [21212.83203125, 31643.53515625, 21988.9453125], "total_loss": [90622.296875, 44039.1484375, 37138.2109375]}, "test_results": {"fir_frgb": [16408.095703125, 12804.6171875, 20187.5], "fir_Iir": [29134.24609375, 24006.056640625, 4777.654296875], "frgb_Irgb": [7118.83935546875, 5850.17236328125, 4773.63427734375], "fir_Irgb": [21421.42578125, 19086.2109375, 35421.921875], "frgb_Iir": [16408.095703125, 12804.6171875, 20187.5], "ir_Irgb": [22743.638671875, 27036.8046875, 21635.9609375], "total_loss": [44977.5, 37765.0078125, 60387.828125]}}, "training_time": "0.02 hours"}