{"model.name": "featureEmbeddingBackbone", "epochs": 2, "train_size": 13850, "test_size": 3995, "tag_name": "train_featureEmbeddingBackbone_first_stage_2_epochs", "per_epoch_metrics": {"train_loss": {"fir_frgb": [41588.95703125, 19682.7734375], "fir_Iir": [99035.46875, 35949.52734375], "frgb_Irgb": [23541.6015625, 12828.84375], "fir_Irgb": [119831.796875, 32659.048828125], "frgb_Iir": [41588.95703125, 19682.7734375], "ir_Irgb": [25170.6640625, 20011.578125], "total_loss": [185061.375, 65206.62109375]}, "test_results": {"fir_frgb": [60999.828125, 14670.064453125], "fir_Iir": [74608.171875, 11033.9931640625], "frgb_Irgb": [64984.05078125, 2186.26513671875], "fir_Irgb": [48580.875, 38423.28515625], "frgb_Iir": [60999.828125, 14670.064453125], "ir_Irgb": [26470.79296875, 20982.2109375], "total_loss": [174639.375, 55290.6484375]}}, "training_time": "0.01 hours"}