{"model-name": "regressionBlock", "epochs": 30, "resumed_from": null, "train_size": 2180, "test_size": 934, "featureEmbeddingBackBone": null, "predicting_homography": false, "tag_name": "VEDAI-regressionBlock-sse_pixel-l2_corners_loss-corners-2-30-b65851642193470190a3bd5d3f780608", "per_epoch_metrics": {"backbone_train_loss": {"fir_frgb": [2448.94140625, 2449.093505859375, 2449.165771484375, 2447.939208984375, 2448.968505859375, 2449.162109375, 2449.19482421875, 2448.93212890625, 2449.26513671875, 2449.289794921875, 2448.9990234375, 2449.278564453125, 2448.229248046875, 2449.132080078125, 2448.757568359375, 2449.22705078125, 2446.384033203125, 2448.956298828125, 2449.125244140625, 2449.163330078125, 2449.240478515625, 2449.24365234375, 2449.277099609375, 2449.312744140625, 2447.615478515625, 2449.095947265625], "fir_Iir": [9639.4775390625, 9639.3154296875, 9638.7265625, 9639.7802734375, 9640.240234375, 9639.5458984375, 9639.6640625, 9638.4443359375, 9639.236328125, 9639.484375, 9638.7509765625, 9640.056640625, 9639.3525390625, 9639.5078125, 9638.25, 9639.177734375, 9640.177734375, 9639.2626953125, 9639.490234375, 9639.1279296875, 9640.716796875, 9639.0107421875, 9638.9443359375, 9639.1201171875, 9639.623046875, 9638.603515625], "frgb_Irgb": [5354.572265625, 5354.33837890625, 5354.37109375, 5354.79443359375, 5355.15185546875, 5354.4833984375, 5355.2158203125, 5354.2314453125, 5355.08251953125, 5355.017578125, 5354.89990234375, 5354.85986328125, 5353.8486328125, 5354.68017578125, 5354.81005859375, 5354.9873046875, 5354.56689453125, 5354.73486328125, 5355.06640625, 5354.78759765625, 5355.3505859375, 5355.31005859375, 5355.14697265625, 5355.3994140625, 5354.087890625, 5354.74267578125], "fir_Irgb": [3517.00048828125, 3517.017822265625, 3517.608642578125, 3516.77294921875, 3517.364501953125, 3517.381103515625, 3517.51513671875, 3517.1328125, 3517.08984375, 3517.212158203125, 3517.563720703125, 3517.54736328125, 3516.114501953125, 3517.19580078125, 3516.44091796875, 3517.580810546875, 3515.922119140625, 3516.884765625, 3517.087158203125, 3517.095947265625, 3517.34912109375, 3516.829345703125, 3516.839111328125, 3517.110107421875, 3515.532470703125, 3516.97998046875], "frgb_Iir": [2448.94140625, 2449.093505859375, 2449.165771484375, 2447.939208984375, 2448.968505859375, 2449.162109375, 2449.19482421875, 2448.93212890625, 2449.26513671875, 2449.289794921875, 2448.9990234375, 2449.278564453125, 2448.229248046875, 2449.132080078125, 2448.757568359375, 2449.22705078125, 2446.384033203125, 2448.956298828125, 2449.125244140625, 2449.163330078125, 2449.240478515625, 2449.24365234375, 2449.277099609375, 2449.312744140625, 2447.615478515625, 2449.095947265625], "ir_Irgb": [12221.181640625, 12221.1728515625, 12220.9228515625, 12221.5048828125, 12223.4296875, 12221.328125, 12222.59375, 12220.228515625, 12222.7578125, 12222.572265625, 12221.48828125, 12222.0654296875, 12217.931640625, 12221.689453125, 12220.9482421875, 12222.3251953125, 12220.3330078125, 12221.3759765625, 12222.2529296875, 12221.927734375, 12223.125, 12222.939453125, 12222.5927734375, 12223.23046875, 12217.4296875, 12221.61328125], "total_loss": [11330.15625, 11330.08984375, 11330.7861328125, 11329.1474609375, 11331.126953125, 11330.66796875, 11331.56640625, 11329.9365234375, 11331.078125, 11331.16015625, 11331.103515625, 11331.326171875, 11327.8330078125, 11330.6474609375, 11329.6484375, 11331.435546875, 11326.515625, 11330.216796875, 11330.9208984375, 11330.6875, 11331.58203125, 11331.0234375, 11330.9033203125, 11331.4619140625, 11326.876953125, 11330.458984375]}, "backbone_test_results": {"fir_frgb": [2452.1455078125, 2448.497802734375, 2451.902587890625, 2450.27783203125, 2452.7158203125, 2451.82666015625, 2452.123779296875, 2450.270263671875, 2452.785400390625, 2452.2490234375, 2450.526123046875, 2451.58642578125, 2452.080810546875, 2451.434326171875, 2450.367431640625, 2452.81591796875, 2452.00341796875, 2452.518310546875, 2452.097900390625, 2451.73486328125, 2452.7890625, 2452.213134765625, 2449.76123046875, 2452.59619140625, 2448.94482421875, 2452.15478515625], "fir_Iir": [9636.0869140625, 9637.7626953125, 9638.8134765625, 9636.5419921875, 9638.6728515625, 9638.9873046875, 9637.1484375, 9637.84375, 9638.462890625, 9638.169921875, 9637.3251953125, 9637.6376953125, 9636.826171875, 9638.69140625, 9638.83203125, 9637.0458984375, 9639.6767578125, 9637.103515625, 9638.00390625, 9636.6962890625, 9636.978515625, 9637.1416015625, 9636.982421875, 9637.556640625, 9635.6904296875, 9637.7802734375], "frgb_Irgb": [5360.22607421875, 5359.71630859375, 5361.05224609375, 5358.6064453125, 5362.07177734375, 5361.2666015625, 5360.83984375, 5359.041015625, 5361.63916015625, 5361.32373046875, 5359.7314453125, 5360.96337890625, 5361.30419921875, 5361.14794921875, 5362.0654296875, 5362.40380859375, 5360.50537109375, 5361.17919921875, 5362.09326171875, 5360.7353515625, 5361.96728515625, 5360.669921875, 5359.15234375, 5361.49462890625, 5360.720703125, 5361.60693359375], "fir_Irgb": [3524.56982421875, 3521.550537109375, 3524.08349609375, 3522.019775390625, 3523.691162109375, 3524.712646484375, 3523.01220703125, 3521.72021484375, 3524.72802734375, 3524.401611328125, 3523.414306640625, 3524.031005859375, 3523.8984375, 3524.316650390625, 3522.769775390625, 3523.568359375, 3524.355224609375, 3523.72802734375, 3523.98388671875, 3524.732421875, 3524.920166015625, 3525.2119140625, 3522.219482421875, 3523.85205078125, 3523.373046875, 3524.8623046875], "frgb_Iir": [2452.1455078125, 2448.497802734375, 2451.902587890625, 2450.27783203125, 2452.7158203125, 2451.82666015625, 2452.123779296875, 2450.270263671875, 2452.785400390625, 2452.2490234375, 2450.526123046875, 2451.58642578125, 2452.080810546875, 2451.434326171875, 2450.367431640625, 2452.81591796875, 2452.00341796875, 2452.518310546875, 2452.097900390625, 2451.73486328125, 2452.7890625, 2452.213134765625, 2449.76123046875, 2452.59619140625, 2448.94482421875, 2452.15478515625], "ir_Irgb": [12227.9150390625, 12220.0859375, 12229.306640625, 12220.6806640625, 12233.818359375, 12228.8857421875, 12229.7021484375, 12222.28125, 12232.2958984375, 12230.0078125, 12223.6142578125, 12227.958984375, 12229.935546875, 12228.01953125, 12228.359375, 12233.9443359375, 12228.818359375, 12230.7177734375, 12231.7841796875, 12227.5400390625, 12232.3505859375, 12229.115234375, 12220.4951171875, 12232.0654296875, 12221.888671875, 12230.7314453125], "total_loss": [11346.578125, 11339.404296875, 11346.6787109375, 11340.5419921875, 11348.119140625, 11347.4453125, 11345.6142578125, 11340.6708984375, 11348.79296875, 11347.61328125, 11343.310546875, 11346.220703125, 11346.921875, 11346.5400390625, 11344.8427734375, 11348.42578125, 11346.5048828125, 11347.064453125, 11347.8134765625, 11346.841796875, 11349.314453125, 11347.7333984375, 11340.7705078125, 11347.5810546875, 11342.6767578125, 11348.263671875]}, "train_loss": {"l1_homography_loss": [0.0, 0.0, 0.0, 0.0, 0.0, 0.0, 0.0, 0.0, 0.0, 0.0, 0.0, 0.0, 0.0, 0.0, 0.0, 0.0, 0.0, 0.0, 0.0, 0.0, 0.0, 0.0, 0.0, 0.0, 0.0, 0.0], "l2_homography_loss": [0.0, 0.0, 0.0, 0.0, 0.0, 0.0, 0.0, 0.0, 0.0, 0.0, 0.0, 0.0, 0.0, 0.0, 0.0, 0.0, 0.0, 0.0, 0.0, 0.0, 0.0, 0.0, 0.0, 0.0, 0.0, 0.0], "l1_corners_loss": [25.80592155456543, 20.022518157958984, 20.541322708129883, 21.469324111938477, 20.985538482666016, 19.785972595214844, 20.4403018951416, 19.265907287597656, 18.29833984375, 18.056631088256836, 18.64916229248047, 17.85057830810547, 17.50494956970215, 18.014535903930664, 17.984912872314453, 18.151199340820312, 18.045787811279297, 17.929105758666992, 17.135831832885742, 16.90298080444336, 16.91185188293457, 16.9111385345459, 16.622665405273438, 16.57704734802246, 16.598459243774414, 16.515872955322266],