{"model-name": "featureEmbeddingBackbone", "epochs": 20, "resumed_from": null, "train_size": 4361, "test_size": 1869, "tag_name": "VEDAI-featureEmbeddingBackbone-1-20-68991f0cbf564510bcbee1847838d0c2", "per_epoch_metrics": {"train_loss": {"fir_frgb": [0.31839054822921753, 0.282622754573822], "fir_Iir": [0.09361767023801804, 0.055966220796108246], "frgb_Irgb": [0.17938868701457977, 0.1573101133108139], "fir_Irgb": [0.04506097733974457, 0.023035820573568344], "frgb_Iir": [0.31839054822921753, 0.282622754573822], "ir_Irgb": [0.062278687953948975, 0.06436917930841446], "total_loss": [0.5429340600967407, 0.4630247950553894]}, "test_results": {"fir_frgb": [0.3153635859489441, 0.17219635844230652], "fir_Iir": [0.07977542281150818, 0.057443153113126755], "frgb_Irgb": [0.17854881286621094, 0.0962938666343689], "fir_Irgb": [0.0248439759016037, 0.02101445198059082], "frgb_Iir": [0.3153635859489441, 0.17219635844230652], "ir_Irgb": [0.06303230673074722, 0.06441635638475418], "total_loss": [0.518836259841919, 0.2895622253417969]}}, "training_time": "0.15 hours"}