{"model-name": "featureEmbeddingBackbone", "epochs": 50, "loss_function": "ssim_pixel", "resumed_from": null, "train_size": 1090, "test_size": 467, "tag_name": "VEDAI-ssim_pixel-featureEmbeddingBackbone-1-50-4bcd9db809824a22909246a94ce7cb54", "per_epoch_metrics": {"train_loss": {"fir_frgb": [0.23700760304927826, 0.18951961398124695, 0.1824444681406021, 0.17843689024448395, 0.17535042762756348, 0.17330779135227203, 0.17154207825660706, 0.17045311629772186, 0.1694929003715515, 0.16801105439662933, 0.16680216789245605], "fir_Iir": [0.4237971901893616, 0.41054898500442505, 0.40928128361701965, 0.37284502387046814, 0.10271177440881729, 0.10324645787477493, 0.1036204919219017, 0.10466286540031433, 0.10481365025043488, 0.10534216463565826, 0.10577568411827087], "frgb_Irgb": [0.11994694918394089, 0.08234832435846329, 0.08021547645330429, 0.07949097454547882, 0.07907135039567947, 0.07917390763759613, 0.07921852916479111, 0.0791701003909111, 0.07913672924041748, 0.07900747656822205, 0.07920155674219131], "fir_Irgb": [0.5358096957206726, 0.5158373713493347, 0.5106781125068665, 0.4799825847148895, 0.26655295491218567, 0.2618424892425537, 0.25935953855514526, 0.25808629393577576, 0.25649943947792053, 0.2554177939891815, 0.2547115683555603], "frgb_Iir": [0.23700760304927826, 0.18951961398124695, 0.1824444681406021, 0.17843689024448395, 0.17535042762756348, 0.17330779135227203, 0.17154207825660706, 0.17045311629772186, 0.1694929003715515, 0.16801105439662933, 0.16680216789245605], "ir_Irgb": [0.30070972442626953, 0.3007451295852661, 0.3007180690765381, 0.3007805049419403, 0.3007337152957916, 0.30074456334114075, 0.30075138807296753, 0.30079108476638794, 0.3007400333881378, 0.30075404047966003, 0.30071568489074707], "total_loss": [0.8931882381439209, 0.7881160378456116, 0.7737475633621216, 0.7382835149765015, 0.5210776329040527, 0.5144276022911072, 0.5102238655090332, 0.507814347743988, 0.5052340030670166, 0.502541720867157, 0.5008212327957153]}, "test_results": {"fir_frgb": [0.20530736446380615, 0.19744879007339478, 0.1787000596523285, 0.17100657522678375, 0.17258644104003906, 0.17074264585971832, 0.17907576262950897, 0.18880273401737213, 0.1712319552898407, 0.1663282811641693, 0.1624857485294342], "fir_Iir": [0.37776869535446167, 0.3953573405742645, 0.4110850989818573, 0.15282990038394928, 0.08276274055242538, 0.10369926691055298, 0.12134357541799545, 0.0624593161046505, 0.10688155889511108, 0.09304539859294891, 0.10834155231714249], "frgb_Irgb": [0.07377724349498749, 0.06842688471078873, 0.07867226004600525, 0.08420409262180328, 0.08088348805904388, 0.07781746983528137, 0.07161475718021393, 0.06318162381649017, 0.07400388270616531, 0.07793145626783371, 0.08151450753211975], "fir_Irgb": [0.5253551602363586, 0.5183852910995483, 0.5067608952522278, 0.28282201290130615, 0.26234063506126404, 0.2581799328327179, 0.2574106752872467, 0.2634824216365814, 0.25415295362472534, 0.255071759223938, 0.2527198791503906], "frgb_Iir": [0.20530736446380615, 0.19744879007339478, 0.1787000596523285, 0.17100657522678375, 0.17258644104003906, 0.17074264585971832, 0.17907576262950897, 0.18880273401737213, 0.1712319552898407, 0.1663282811641693, 0.1624857485294342], "ir_Irgb": [0.3002631664276123, 0.3003401458263397, 0.30039817094802856, 0.30035656690597534, 0.30042219161987305, 0.3003641366958618, 0.3004522919654846, 0.3003440201282501, 0.30034953355789185, 0.30033937096595764, 0.30040454864501953], "total_loss": [0.8048177361488342, 0.7846565246582031, 0.7645445466041565, 0.5381856560707092, 0.5158934593200684, 0.5068439245223999, 0.5082226991653442, 0.5155293941497803, 0.49949583411216736, 0.49942466616630554, 0.4968285858631134]}}, "training_time": "45.97 hours"}