{"model-name": "regressionBlock", "epochs": 30, "resumed_from": null, "train_size": 2180, "test_size": 934, "featureEmbeddingBackBone": null, "predicting_homography": false, "tag_name": "VEDAI-regressionBlock-mse_pixel-l2_corners_loss-corners-2-30-c3fa8ae8947e49d8804892161727eb13", "per_epoch_metrics": {"backbone_train_loss": {"fir_frgb": [0.01748466119170189, 0.017484840005636215, 0.017485620453953743, 0.01748614013195038, 0.017483465373516083, 0.01748361811041832, 0.01748511753976345, 0.017482992261648178, 0.017486099153757095, 0.017482368275523186, 0.017485616728663445, 0.01748654432594776, 0.01748342253267765, 0.01748437061905861, 0.017486052587628365, 0.017486661672592163, 0.017482727766036987, 0.01748661696910858, 0.01748690754175186, 0.017485054209828377, 0.01748485676944256, 0.017483368515968323, 0.017485596239566803, 0.017484791576862335, 0.017483964562416077, 0.017486732453107834, 0.01748337596654892, 0.017482003197073936, 0.017486656084656715, 0.017485840246081352], "fir_Iir": [0.04573901742696762, 0.04574230685830116, 0.04574350640177727, 0.045748040080070496, 0.045746803283691406, 0.045747775584459305, 0.045744020491838455, 0.04574016481637955, 0.045749347656965256, 0.04574334993958473, 0.04574631527066231, 0.04574994370341301, 0.045743849128484726, 0.04574383795261383, 0.04574514925479889, 0.04574812576174736, 0.04574774578213692, 0.04574757069349289, 0.04574495926499367, 0.04574354737997055, 0.045741453766822815, 0.045740894973278046, 0.045748092234134674, 0.04574376344680786, 0.045741334557533264, 0.0457482635974884, 0.045740291476249695, 0.04574555531144142, 0.045747458934783936, 0.04574790224432945], "frgb_Irgb": [0.014615392312407494, 0.014616213738918304, 0.014616819098591805, 0.01461752038449049, 0.014614344574511051, 0.014615415595471859, 0.014615586027503014, 0.01461417879909277, 0.014616255648434162, 0.014614792540669441, 0.014616450294852257, 0.01461714692413807, 0.014615596272051334, 0.014614790678024292, 0.014616787433624268, 0.014617754146456718, 0.014613433741033077, 0.014617051929235458, 0.014617612585425377, 0.01461641862988472, 0.014615029096603394, 0.014614859595894814, 0.014616673812270164, 0.014616278000175953, 0.01461552083492279, 0.01461760513484478, 0.014616312459111214, 0.014615477062761784, 0.014617589302361012, 0.01461702585220337], "fir_Irgb": [0.01301676593720913, 0.013009989634156227, 0.0130147784948349, 0.013015778735280037, 0.013013874180614948, 0.013013957068324089, 0.013015653006732464, 0.013016304932534695, 0.013016093522310257, 0.013013803400099277, 0.013016429729759693, 0.01301676407456398, 0.013014905154705048, 0.013015060685575008, 0.013016007840633392, 0.013013903051614761, 0.013008520938456059, 0.013015015982091427, 0.01301514357328415, 0.01301649771630764, 0.013014854863286018, 0.013016857206821442, 0.013014991767704487, 0.013014120049774647, 0.013015767559409142, 0.013016154989600182, 0.013016765005886555, 0.013014695607125759, 0.013015898875892162, 0.013015574775636196], "frgb_Iir": [0.01748466119170189, 0.017484840005636215, 0.017485620453953743, 0.01748614013195038, 0.017483465373516083, 0.01748361811041832, 0.01748511753976345, 0.017482992261648178, 0.017486099153757095, 0.017482368275523186, 0.017485616728663445, 0.01748654432594776, 0.01748342253267765, 0.01748437061905861, 0.017486052587628365, 0.017486661672592163, 0.017482727766036987, 0.01748661696910858, 0.01748690754175186, 0.017485054209828377, 0.01748485676944256, 0.017483368515968323, 0.017485596239566803, 0.017484791576862335, 0.017483964562416077, 0.017486732453107834, 0.01748337596654892, 0.017482003197073936, 0.017486656084656715, 0.017485840246081352], "ir_Irgb": [0.062161337584257126, 0.062163542956113815, 0.06216628849506378, 0.062168899923563004, 0.062157098203897476, 0.06215975806117058, 0.06216283515095711, 0.06215557083487511, 0.062166083604097366, 0.06215602532029152, 0.06216547638177872, 0.0621689110994339, 0.06215957552194595, 0.062159597873687744, 0.062166981399059296, 0.062170423567295074, 0.06215363368391991, 0.06216870993375778, 0.062170352786779404, 0.06216436251997948, 0.06216122582554817, 0.06215798482298851, 0.06216615438461304, 0.0621635727584362, 0.06216030195355415, 0.06217008829116821, 0.062161099165678024, 0.06215689331293106, 0.062169913202524185, 0.062167372554540634], "total_loss": [0.04516267031431198, 0.045156896114349365, 0.045163072645664215, 0.0451652929186821, 0.045157540589571, 0.04515884816646576, 0.04516220837831497, 0.04515932500362396, 0.045164309442043304, 0.0451568141579628, 0.04516435042023659, 0.04516631364822388, 0.045159775763750076, 0.04516007378697395, 0.04516470059752464, 0.04516417533159256, 0.04515054076910019, 0.04516454041004181, 0.045165516436100006, 0.045163821429014206, 0.04516058787703514, 0.0451609343290329, 0.0451631136238575, 0.045161038637161255, 0.04516110196709633, 0.04516635090112686, 0.04516230523586273, 0.0451580286026001, 0.045166000723838806, 0.04516430199146271]}, "backbone_test_results": {"fir_frgb": [0.017486300319433212, 0.017494825646281242, 0.01749804988503456, 0.017498867586255074, 0.01749146729707718, 0.017490915954113007, 0.017488993704319, 0.0174980778247118, 0.01749376207590103, 0.017488503828644753, 0.017497237771749496, 0.01748286560177803, 0.01749165542423725, 0.017496412619948387, 0.017494935542345047, 0.017492732033133507, 0.01748914085328579, 0.017493341118097305, 0.017492424696683884, 0.01749495230615139, 0.017490947619080544, 0.017493845894932747, 0.017495475709438324, 0.0174909345805645, 0.017497632652521133, 0.0175008587539196, 0.01749464124441147, 0.01749194785952568, 0.017488950863480568, 0.01749376580119133], "fir_Iir": [0.04576192423701286, 0.04577139392495155, 0.045768853276968, 0.04576500505208969, 0.04576237499713898, 0.045761361718177795, 0.04576538875699043, 0.04576634615659714, 0.045766253024339676, 0.04575711488723755, 0.04577111452817917, 0.04575253278017044, 0.04576073959469795, 0.045767638832330704, 0.04576824605464935, 0.045762985944747925, 0.04575447738170624, 0.045766763389110565, 0.04576370492577553, 0.04576094076037407, 0.045758236199617386, 0.04576167091727257, 0.04576513543725014, 0.045764803886413574, 0.045773789286613464, 0.04575613886117935, 0.0457693450152874, 0.04576399177312851, 0.04575968161225319, 0.04576956108212471], "frgb_Irgb": [0.014636111445724964, 0.014641888439655304, 0.014642227441072464, 0.0146426847204566, 0.014635608531534672, 0.014636104926466942, 0.014636942185461521, 0.014643307775259018, 0.014638625085353851, 0.014637268148362637, 0.014642599038779736, 0.014633283019065857, 0.014635886996984482, 0.014639842323958874, 0.014640267007052898, 0.014637532643973827, 0.014634916558861732, 0.014636301435530186, 0.014638488180935383, 0.01463707908987999, 0.014639033935964108, 0.01464027538895607, 0.014641068875789642, 0.014633799903094769, 0.014642896130681038, 0.014644484035670757, 0.014640387147665024, 0.01464043278247118, 0.014635151252150536, 0.014638467691838741], "fir_Irgb": [0.013118941336870193, 0.01312377117574215, 0.013124284334480762, 0.013120165094733238, 0.013119952753186226, 0.013121127150952816, 0.013118031434714794, 0.013124125078320503, 0.013122575357556343, 0.013123461976647377, 0.0131251011043787, 0.013115407899022102, 0.013121346943080425, 0.013121988624334335, 0.013122186996042728, 0.013122105039656162, 0.01312087383121252, 0.013121156953275204, 0.013123255223035812, 0.013118388131260872, 0.013122974894940853, 0.013121545314788818, 0.013119274750351906, 0.013119390234351158, 0.013122716918587685, 0.013108997605741024, 0.013121788389980793, 0.013119339942932129, 0.013119884766638279, 0.013119902461767197],