{"model-name": "featureEmbeddingBackbone", "epochs": 50, "loss_function": "ssim_pixel", "resumed_from": null, "train_size": 1090, "test_size": 467, "tag_name": "VEDAI-ssim_pixel-featureEmbeddingBackbone-1-50-4bcd9db809824a22909246a94ce7cb54", "per_epoch_metrics": {"train_loss": {"fir_frgb": [0.23700760304927826, 0.18951961398124695, 0.1824444681406021, 0.17843689024448395, 0.17535042762756348, 0.17330779135227203, 0.17154207825660706, 0.17045311629772186, 0.1694929003715515, 0.16801105439662933, 0.16680216789245605, 0.16594991087913513, 0.1652381867170334, 0.1640048325061798, 0.16348165273666382, 0.16330672800540924, 0.16202059388160706, 0.16176138818264008, 0.16076874732971191, 0.16072024405002594, 0.16036975383758545, 0.15928514301776886, 0.1593225598335266, 0.15870913863182068, 0.15846790373325348, 0.157729834318161, 0.15791673958301544, 0.15771985054016113, 0.15719196200370789], "fir_Iir": [0.4237971901893616, 0.41054898500442505, 0.40928128361701965, 0.37284502387046814, 0.10271177440881729, 0.10324645787477493, 0.1036204919219017, 0.10466286540031433, 0.10481365025043488, 0.10534216463565826, 0.10577568411827087, 0.10626689344644547, 0.10704208165407181, 0.10722047090530396, 0.10766304284334183, 0.10809610038995743, 0.10856352746486664, 0.10880789160728455, 0.10912047326564789, 0.10977675020694733, 0.10943299531936646, 0.10992231965065002, 0.11077664792537689, 0.11092711240053177, 0.11102785170078278, 0.1112547293305397, 0.11156342178583145, 0.11170271039009094, 0.11206237971782684], "frgb_Irgb": [0.11994694918394089, 0.08234832435846329, 0.08021547645330429, 0.07949097454547882, 0.07907135039567947, 0.07917390763759613, 0.07921852916479111, 0.0791701003909111, 0.07913672924041748, 0.07900747656822205, 0.07920155674219131, 0.07915525883436203, 0.07942753285169601, 0.07965919375419617, 0.07959765195846558, 0.07975438237190247, 0.07998578995466232, 0.07992507517337799, 0.08022180944681168, 0.08020102977752686, 0.08021142333745956, 0.08043672144412994, 0.0804436206817627, 0.08055061846971512, 0.08068247884511948, 0.08085355162620544, 0.08076746016740799, 0.08087298274040222, 0.08076394349336624], "fir_Irgb": [0.5358096957206726, 0.5158373713493347, 0.5106781125068665, 0.4799825847148895, 0.26655295491218567, 0.2618424892425537, 0.25935953855514526, 0.25808629393577576, 0.25649943947792053, 0.2554177939891815, 0.2547115683555603, 0.25365301966667175, 0.2528752088546753, 0.2521260380744934, 0.2513631582260132, 0.2507258653640747, 0.25004222989082336, 0.24943701922893524, 0.24900487065315247, 0.24822594225406647, 0.24797016382217407, 0.24741196632385254, 0.24699847400188446, 0.2465803474187851, 0.24629175662994385, 0.24604783952236176, 0.24555560946464539, 0.24510705471038818, 0.24492691457271576], "frgb_Iir": [0.23700760304927826, 0.18951961398124695, 0.1824444681406021, 0.17843689024448395, 0.17535042762756348, 0.17330779135227203, 0.17154207825660706, 0.17045311629772186, 0.1694929003715515, 0.16801105439662933, 0.16680216789245605, 0.16594991087913513, 0.1652381867170334, 0.1640048325061798, 0.16348165273666382, 0.16330672800540924, 0.16202059388160706, 0.16176138818264008, 0.16076874732971191, 0.16072024405002594, 0.16036975383758545, 0.15928514301776886, 0.1593225598335266, 0.15870913863182068, 0.15846790373325348, 0.157729834318161, 0.15791673958301544, 0.15771985054016113, 0.15719196200370789], "ir_Irgb": [0.30070972442626953, 0.3007451295852661, 0.3007180690765381, 0.3007805049419403, 0.3007337152957916, 0.30074456334114075, 0.30075138807296753, 0.30079108476638794, 0.3007400333881378, 0.30075404047966003, 0.30071568489074707, 0.30069366097450256, 0.3007393479347229, 0.3007360100746155, 0.30078187584877014, 0.30074194073677063, 0.3007540702819824, 0.3007088601589203, 0.3007383346557617, 0.3007504343986511, 0.3007689416408539, 0.3007372319698334, 0.30072811245918274, 0.30078378319740295, 0.3007282614707947, 0.300740510225296, 0.30075603723526, 0.30075305700302124, 0.3007027506828308], "total_loss": [0.8931882381439209, 0.7881160378456116, 0.7737475633621216, 0.7382835149765015, 0.5210776329040527, 0.5144276022911072, 0.5102238655090332, 0.507814347743988, 0.5052340030670166, 0.502541720867157, 0.5008212327957153, 0.49886462092399597, 0.49764806032180786, 0.49589744210243225, 0.49455028772354126, 0.4938952624797821, 0.49215736985206604, 0.49123242497444153, 0.49010467529296875, 0.4892571270465851, 0.4886609613895416, 0.4872438907623291, 0.48687559366226196, 0.48595115542411804, 0.4855533242225647, 0.4847426116466522, 0.4843515455722809, 0.48381173610687256, 0.48299503326416016]}, "test_results": {"fir_frgb": [0.20530736446380615, 0.19744879007339478, 0.1787000596523285, 0.17100657522678375, 0.17258644104003906, 0.17074264585971832, 0.17907576262950897, 0.18880273401737213, 0.1712319552898407, 0.1663282811641693, 0.1624857485294342, 0.16327868402004242, 0.15044787526130676, 0.15894219279289246, 0.16825173795223236, 0.176584392786026, 0.1618027240037918, 0.16024917364120483, 0.1691403090953827, 0.15448513627052307, 0.15537691116333008, 0.1623789519071579, 0.15673857927322388, 0.15999673306941986, 0.15338507294654846, 0.15671803057193756, 0.1523636132478714, 0.157242551445961, 0.15485002100467682], "fir_Iir": [0.37776869535446167, 0.3953573405742645, 0.4110850989818573, 0.15282990038394928, 0.08276274055242538, 0.10369926691055298, 0.12134357541799545, 0.0624593161046505, 0.10688155889511108, 0.09304539859294891, 0.10834155231714249, 0.11072615534067154, 0.09453007578849792, 0.09339495003223419, 0.10752473026514053, 0.11256551742553711, 0.12429780513048172, 0.12855686247348785, 0.12178304046392441, 0.09134984016418457, 0.10842641443014145, 0.10547244548797607, 0.11166754364967346, 0.10552852600812912, 0.0908234715461731, 0.10823661834001541, 0.1082472875714302, 0.10583292692899704, 0.11496555060148239], "frgb_Irgb": [0.07377724349498749, 0.06842688471078873, 0.07867226004600525, 0.08420409262180328, 0.08088348805904388, 0.07781746983528137, 0.07161475718021393, 0.06318162381649017, 0.07400388270616531, 0.07793145626783371, 0.08151450753211975, 0.07954172790050507, 0.09461293369531631, 0.08475586026906967, 0.07304026186466217, 0.06731852144002914, 0.07841086387634277, 0.08023179322481155, 0.07348550856113434, 0.0851905345916748, 0.08302893489599228, 0.07868818938732147, 0.0823683813214302, 0.07748262584209442, 0.08414492011070251, 0.08179990202188492, 0.08517565578222275, 0.08054132759571075, 0.08178459107875824], "fir_Irgb": [0.5253551602363586, 0.5183852910995483, 0.5067608952522278, 0.28282201290130615, 0.26234063506126404, 0.2581799328327179, 0.2574106752872467, 0.2634824216365814, 0.25415295362472534, 0.255071759223938, 0.2527198791503906, 0.2519257664680481, 0.2512151896953583, 0.2515430152416229, 0.2500203251838684, 0.24858298897743225, 0.24903015792369843, 0.24929700791835785, 0.24873170256614685, 0.2482134997844696, 0.24659019708633423, 0.24643222987651825, 0.24592740833759308, 0.24477986991405487, 0.24744665622711182, 0.24744224548339844, 0.2444431334733963, 0.24464131891727448, 0.24541518092155457], "frgb_Iir": [0.20530736446380615, 0.19744879007339478, 0.1787000596523285, 0.17100657522678375, 0.17258644104003906, 0.17074264585971832, 0.17907576262950897, 0.18880273401737213, 0.1712319552898407, 0.1663282811641693, 0.1624857485294342, 0.16327868402004242, 0.15044787526130676, 0.15894219279289246, 0.16825173795223236, 0.176584392786026, 0.1618027240037918, 0.16024917364120483, 0.1691403090953827, 0.15448513627052307, 0.15537691116333008, 0.1623789519071579, 0.15673857927322388, 0.15999673306941986, 0.15338507294654846, 0.15671803057193756, 0.1523636132478714, 0.157242551445961, 0.15485002100467682],