{"model-name": "regressionBlock", "epochs": 5, "resumed_from": null, "train_size": 4361, "test_size": 1869, "featureEmbeddingBackBone": null, "predicting_homography": true, "tag_name": "VEDAI-regressionBlock-homography-2-5-4bed7106839841b9be745caa3ed66eb3", "per_epoch_metrics": {"backbone_train_loss": {"fir_frgb": [13699.7431640625, 23423.146484375, 16606.345703125, 16137.33203125, 17621.3046875], "fir_Iir": [45839.9765625, 41901.84375, 39414.98046875, 39544.515625, 39035.609375], "frgb_Irgb": [25085.9375, 21337.24609375, 21091.029296875, 21542.818359375, 20275.09765625], "fir_Irgb": [13820.76953125, 14148.162109375, 11381.08203125, 12073.6240234375, 11503.36328125], "frgb_Iir": [13699.7431640625, 23423.146484375, 16606.345703125, 16137.33203125, 17621.3046875], "ir_Irgb": [27636.455078125, 40299.703125, 31442.86328125, 30204.5, 34145.6328125], "total_loss": [52652.29296875, 58950.4609375, 49117.875, 49793.3203125, 49438.8046875]}, "backbone_test_results": {"fir_frgb": [11850.0361328125, 13892.2451171875, 23898.611328125, 13079.119140625, 10981.953125], "fir_Iir": [40984.96484375, 41981.16796875, 49977.5859375, 44772.9296875, 40790.203125], "frgb_Irgb": [20673.31640625, 20928.69921875, 18679.12890625, 24197.873046875, 20724.904296875], "fir_Irgb": [8134.892578125, 9185.2939453125, 8505.3896484375, 12285.8447265625, 8329.4501953125], "frgb_Iir": [11850.0361328125, 13892.2451171875, 23898.611328125, 13079.119140625, 10981.953125], "ir_Irgb": [32559.53515625, 34360.83203125, 61160.09375, 28114.1640625, 30743.70703125], "total_loss": [40699.2265625, 44048.2265625, 51133.1171875, 49607.609375, 40077.1015625]}, "train_loss": {"l1_homography_loss": [6.125353813171387, 7.46871280670166, 7.033067226409912, 6.579642295837402, 5.550300598144531], "l2_homography_loss": [224.69918823242188, 300.01519775390625, 308.9285888671875, 250.2065887451172, 182.04815673828125], "l1_corners_loss": [93.94670867919922, 94.5765380859375, 85.01396179199219, 468.572021484375, 146.5333251953125], "l2_corners_loss": [13549.7890625, 12926.34765625, 10631.5830078125, 7861672.5, 49504.703125], "total_loss": [224.69918823242188, 300.01519775390625, 308.9285888671875, 250.2065887451172, 182.04815673828125]}, "test_results": {"l1_homography_loss": [7.445929527282715, 7.442020416259766, 6.890164375305176, 6.243655204772949, 4.865264892578125], "l2_homography_loss": [296.94793701171875, 309.0705261230469, 252.29183959960938, 222.18756103515625, 127.64175415039062], "l1_corners_loss": [95.94652557373047, 89.34231567382812, 78.80606842041016, 256.18896484375, 213.78549194335938], "l2_corners_loss": [13320.25390625, 11829.357421875, 9403.896484375, 189381.15625, 148221.0625], "total_loss": [296.94793701171875, 309.0705261230469, 252.29183959960938, 222.18756103515625, 127.64175415039062]}}, "training_time": "0.04 hours", "featureEmbeddingBackbone": "models/VEDAI/featureEmbeddingBackBone-4bed7106839841b9be745caa3ed66eb3-1.keras"}