{"model-name": "regressionBlock", "epochs": 30, "resumed_from": null, "train_size": 2180, "test_size": 934, "featureEmbeddingBackBone": null, "predicting_homography": true, "tag_name": "VEDAI-regressionBlock-mae_pixel-l2_homography_loss-homography-2-30-674027ca09304a069390276db6a0efb1", "per_epoch_metrics": {"backbone_train_loss": {"fir_frgb": [0.16894857585430145, 0.16895858943462372, 0.16892604529857635, 0.16895915567874908, 0.16894805431365967, 0.1689375787973404, 0.16895191371440887, 0.16895587742328644, 0.1689472198486328, 0.1689605712890625, 0.16895467042922974, 0.1689542680978775, 0.16895893216133118, 0.16895650327205658, 0.16896121203899384, 0.16894936561584473, 0.16895683109760284, 0.16895608603954315, 0.16895468533039093, 0.16893726587295532, 0.1689537763595581, 0.16896158456802368, 0.16894884407520294, 0.1689533144235611, 0.16895626485347748, 0.16895385086536407, 0.16895519196987152, 0.16894884407520294, 0.1689249575138092, 0.16896110773086548], "fir_Iir": [0.20056208968162537, 0.20056787133216858, 0.20054905116558075, 0.20056460797786713, 0.20056021213531494, 0.2005532681941986, 0.20056064426898956, 0.20056882500648499, 0.2005622237920761, 0.20056398212909698, 0.20055916905403137, 0.20056553184986115, 0.20056429505348206, 0.20056620240211487, 0.20056626200675964, 0.2005605399608612, 0.200570210814476, 0.20056834816932678, 0.20055964589118958, 0.20055732131004333, 0.20056550204753876, 0.20055976510047913, 0.20056065917015076, 0.20057393610477448, 0.20056653022766113, 0.20056162774562836, 0.20056463778018951, 0.20056180655956268, 0.20055249333381653, 0.20056693255901337], "frgb_Irgb": [0.07561817765235901, 0.07562164217233658, 0.07561808079481125, 0.07562366127967834, 0.07562354952096939, 0.07562058418989182, 0.07561898976564407, 0.07562177628278732, 0.07562101632356644, 0.07562287896871567, 0.07562272995710373, 0.07562129199504852, 0.07562069594860077, 0.07562440633773804, 0.07562550157308578, 0.07562193274497986, 0.07562261819839478, 0.0756245106458664, 0.075625941157341, 0.07561932504177094, 0.07562311738729477, 0.07562123984098434, 0.07562566548585892, 0.07562711089849472, 0.07562322914600372, 0.07562456279993057, 0.07562308758497238, 0.07561618834733963, 0.07561798393726349, 0.07562225311994553], "fir_Irgb": [0.08733810484409332, 0.08733543008565903, 0.08732917159795761, 0.08734433352947235, 0.0873347818851471, 0.08733943104743958, 0.08733627945184708, 0.08733827620744705, 0.08733510971069336, 0.08734643459320068, 0.08733925968408585, 0.0873386338353157, 0.08734124153852463, 0.08733972907066345, 0.08733544498682022, 0.08734263479709625, 0.08733667433261871, 0.08733616769313812, 0.08734183013439178, 0.08733014017343521, 0.08734148740768433, 0.08733388781547546, 0.08734358847141266, 0.08734188228845596, 0.08734210580587387, 0.08733923733234406, 0.0873405933380127, 0.08733665943145752, 0.08732886612415314, 0.08733442425727844], "frgb_Iir": [0.16894857585430145, 0.16895858943462372, 0.16892604529857635, 0.16895915567874908, 0.16894805431365967, 0.1689375787973404, 0.16895191371440887, 0.16895587742328644, 0.1689472198486328, 0.1689605712890625, 0.16895467042922974, 0.1689542680978775, 0.16895893216133118, 0.16895650327205658, 0.16896121203899384, 0.16894936561584473, 0.16895683109760284, 0.16895608603954315, 0.16895468533039093, 0.16893726587295532, 0.1689537763595581, 0.16896158456802368, 0.16894884407520294, 0.1689533144235611, 0.16895626485347748, 0.16895385086536407, 0.16895519196987152, 0.16894884407520294, 0.1689249575138092, 0.16896110773086548], "ir_Irgb": [0.20572887361049652, 0.20574665069580078, 0.20570924878120422, 0.20574674010276794, 0.20573829114437103, 0.20571944117546082, 0.20573307573795319, 0.205744668841362, 0.20572911202907562, 0.20574380457401276, 0.20574332773685455, 0.2057393342256546, 0.20574073493480682, 0.2057480663061142, 0.20575964450836182, 0.20573291182518005, 0.20574919879436493, 0.2057497352361679, 0.20574800670146942, 0.2057216763496399, 0.20574139058589935, 0.2057475447654724, 0.20574189722537994, 0.20574849843978882, 0.20574447512626648, 0.2057466208934784, 0.20574457943439484, 0.20572657883167267, 0.20571166276931763, 0.20575207471847534], "total_loss": [0.33210551738739014, 0.33211636543273926, 0.33207398653030396, 0.3321278393268585, 0.3321070969104767, 0.3320982754230499, 0.3321078419685364, 0.33211663365364075, 0.33210405707359314, 0.3321305811405182, 0.33211731910705566, 0.33211490511894226, 0.3321215808391571, 0.332121342420578, 0.3321228623390198, 0.33211463689804077, 0.3321168124675751, 0.33211749792099, 0.33212316036224365, 0.3320874273777008, 0.3321191072463989, 0.33211737871170044, 0.33211880922317505, 0.3321230411529541, 0.33212223649024963, 0.33211833238601685, 0.33211955428123474, 0.33210235834121704, 0.33207249641418457, 0.3321184515953064]}, "backbone_test_results": {"fir_frgb": [0.16897545754909515, 0.16898497939109802, 0.16891071200370789, 0.16892755031585693, 0.16902346909046173, 0.16893935203552246, 0.16894759237766266, 0.1689194291830063, 0.1689864695072174, 0.1689963936805725, 0.16900582611560822, 0.16895468533039093, 0.16899949312210083, 0.16897402703762054, 0.1689750850200653, 0.1689598709344864, 0.16898004710674286, 0.16897651553153992, 0.16898103058338165, 0.16897805035114288, 0.16899925470352173, 0.1689782738685608, 0.1690267026424408, 0.16894453763961792, 0.16899190843105316, 0.16895318031311035, 0.1689799576997757, 0.16899821162223816, 0.16898837685585022, 0.16900958120822906], "fir_Iir": [0.2007170021533966, 0.2007485032081604, 0.20066951215267181, 0.2007102072238922, 0.20075397193431854, 0.20069703459739685, 0.20071086287498474, 0.2007191777229309, 0.20073992013931274, 0.20074422657489777, 0.20075704157352448, 0.20070882141590118, 0.20074348151683807, 0.20073570311069489, 0.2007257491350174, 0.20070308446884155, 0.20074430108070374, 0.2007133662700653, 0.20072263479232788, 0.200744166970253, 0.20073075592517853, 0.20073682069778442, 0.20078188180923462, 0.20069842040538788, 0.2007455825805664, 0.2007143497467041, 0.20073802769184113, 0.20076249539852142, 0.20072950422763824, 0.20074576139450073], "frgb_Irgb": [0.07570087909698486, 0.07569076865911484, 0.07569766789674759, 0.07569409906864166, 0.07570613920688629, 0.075698621571064, 0.07569330930709839, 0.07569929212331772, 0.07570429146289825, 0.07569912821054459, 0.07569868117570877, 0.07569857686758041, 0.07570105791091919, 0.07569419592618942, 0.07569091767072678, 0.07570251077413559, 0.07570000737905502, 0.07569605857133865, 0.07569088041782379, 0.0756959542632103, 0.07569857686758041, 0.07570163905620575, 0.07570262998342514, 0.07569628953933716, 0.07569391280412674, 0.07569494098424911, 0.07569962739944458, 0.07569478452205658, 0.07570596039295197, 0.0757012814283371], "fir_Irgb": [0.08772961795330048, 0.08771379292011261, 0.0877281054854393, 0.08770280331373215, 0.0877111628651619, 0.08773082494735718, 0.08773694187402725, 0.0877096951007843, 0.08773045986890793, 0.08771251887083054, 0.08772969245910645, 0.08772534877061844, 0.08773080259561539, 0.08773555606603622, 0.08772160112857819, 0.08772170543670654, 0.08773429691791534, 0.08772009611129761, 0.08773518353700638, 0.08773139119148254, 0.08771809190511703, 0.087721087038517, 0.08773863315582275, 0.08773233741521835, 0.08772710710763931, 0.08773235231637955, 0.08773540705442429, 0.08773770183324814, 0.08772766590118408, 0.08774762600660324],