{"model-name": "regressionBlock", "epochs": 30, "resumed_from": null, "train_size": 2180, "test_size": 934, "featureEmbeddingBackBone": null, "predicting_homography": false, "tag_name": "VEDAI-regressionBlock-mae_pixel-l2_corners_loss-corners-2-30-f59bb45a88b943c2ac25f23f1b4cd736", "per_epoch_metrics": {"backbone_train_loss": {"fir_frgb": [0.16896700859069824, 0.16896645724773407, 0.16896092891693115, 0.16893655061721802, 0.1689579337835312, 0.16895107924938202, 0.16895368695259094, 0.1689535230398178, 0.16895776987075806, 0.16895847022533417, 0.16894827783107758, 0.1689377874135971, 0.16893598437309265, 0.16895540058612823, 0.16895322501659393, 0.16894900798797607, 0.16895535588264465, 0.1689230054616928, 0.168940007686615, 0.16894757747650146, 0.16894517838954926, 0.1689452826976776, 0.1689484417438507, 0.16894932091236115, 0.16894835233688354, 0.16896392405033112, 0.16895191371440887, 0.16896048188209534, 0.16894333064556122, 0.1689629852771759], "fir_Iir": [0.20057295262813568, 0.20057012140750885, 0.20057010650634766, 0.20056001842021942, 0.20056788623332977, 0.20056314766407013, 0.20056965947151184, 0.200560063123703, 0.20056448876857758, 0.20057412981987, 0.20055589079856873, 0.20055602490901947, 0.20055516064167023, 0.20056675374507904, 0.20056341588497162, 0.20055894553661346, 0.20056851208209991, 0.20055168867111206, 0.2005498707294464, 0.2005707025527954, 0.20055145025253296, 0.20055778324604034, 0.20055870711803436, 0.20056188106536865, 0.20056232810020447, 0.20057807862758636, 0.20056350529193878, 0.20056651532649994, 0.20055852830410004, 0.20057198405265808], "frgb_Irgb": [0.07562295347452164, 0.07562617212533951, 0.07561873644590378, 0.0756206139922142, 0.07562001794576645, 0.07562513649463654, 0.07561956346035004, 0.07562314718961716, 0.07562226802110672, 0.07562166452407837, 0.07562454789876938, 0.07561492174863815, 0.07561834901571274, 0.07562072575092316, 0.0756237730383873, 0.07561906427145004, 0.07562271505594254, 0.07561981678009033, 0.07562469691038132, 0.07562100142240524, 0.0756213441491127, 0.07562489807605743, 0.07561992853879929, 0.07562270760536194, 0.07562317699193954, 0.07562467455863953, 0.07562121748924255, 0.07562486827373505, 0.07562458515167236, 0.07562283426523209], "fir_Irgb": [0.08734365552663803, 0.08733358234167099, 0.08733437955379486, 0.08733535557985306, 0.08733764290809631, 0.08734339475631714, 0.08733396232128143, 0.0873393714427948, 0.0873289629817009, 0.08733885735273361, 0.08733672648668289, 0.08732433617115021, 0.0873294472694397, 0.08733909577131271, 0.08734183758497238, 0.08734089136123657, 0.08734562993049622, 0.08732748031616211, 0.087335005402565, 0.08733601868152618, 0.08733204007148743, 0.08733610063791275, 0.08733522146940231, 0.08733447641134262, 0.08734326809644699, 0.08733852207660675, 0.08733976632356644, 0.0873364806175232, 0.08733895421028137, 0.08734337985515594], "frgb_Iir": [0.16896700859069824, 0.16896645724773407, 0.16896092891693115, 0.16893655061721802, 0.1689579337835312, 0.16895107924938202, 0.16895368695259094, 0.1689535230398178, 0.16895776987075806, 0.16895847022533417, 0.16894827783107758, 0.1689377874135971, 0.16893598437309265, 0.16895540058612823, 0.16895322501659393, 0.16894900798797607, 0.16895535588264465, 0.1689230054616928, 0.168940007686615, 0.16894757747650146, 0.16894517838954926, 0.1689452826976776, 0.1689484417438507, 0.16894932091236115, 0.16894835233688354, 0.16896392405033112, 0.16895191371440887, 0.16896048188209534, 0.16894333064556122, 0.1689629852771759], "ir_Irgb": [0.20575489103794098, 0.20576554536819458, 0.20574289560317993, 0.20572377741336823, 0.20574504137039185, 0.205743208527565, 0.20574140548706055, 0.20574037730693817, 0.20574894547462463, 0.20574446022510529, 0.20573991537094116, 0.2057151347398758, 0.205717533826828, 0.20574122667312622, 0.20574308931827545, 0.2057303637266159, 0.2057512402534485, 0.20570765435695648, 0.20572973787784576, 0.20573623478412628, 0.20573344826698303, 0.2057432383298874, 0.20573271811008453, 0.20574046671390533, 0.20573660731315613, 0.2057601809501648, 0.20573803782463074, 0.20576021075248718, 0.2057347595691681, 0.205751433968544], "total_loss": [0.33213430643081665, 0.3321268856525421, 0.33211472630500793, 0.332093209028244, 0.3321163058280945, 0.33212026953697205, 0.33210790157318115, 0.3321166932582855, 0.332109659910202, 0.3321196734905243, 0.3321102261543274, 0.3320777118206024, 0.33208444714546204, 0.33211591839790344, 0.33211949467658997, 0.33210963010787964, 0.33212441205978394, 0.3320709764957428, 0.33210036158561707, 0.33210527896881104, 0.33209922909736633, 0.33210694789886475, 0.33210426568984985, 0.33210718631744385, 0.3321154713630676, 0.3321278393268585, 0.3321136236190796, 0.3321225345134735, 0.3321075439453125, 0.33212989568710327]}, "backbone_test_results": {"fir_frgb": [0.16896137595176697, 0.1689595878124237, 0.16897328197956085, 0.16899847984313965, 0.16896092891693115, 0.16899749636650085, 0.1689089685678482, 0.16897115111351013, 0.16895918548107147, 0.1689850091934204, 0.1689639687538147, 0.16899903118610382, 0.16892583668231964, 0.16899637877941132, 0.169012188911438, 0.1689700186252594, 0.16898256540298462, 0.16898050904273987, 0.16898059844970703, 0.16899479925632477, 0.1689634770154953, 0.1689591407775879, 0.16895639896392822, 0.1689666211605072, 0.16898246109485626, 0.1689504086971283, 0.16894930601119995, 0.1689959317445755, 0.1689833551645279, 0.16899114847183228], "fir_Iir": [0.200718492269516, 0.20071382820606232, 0.20071019232273102, 0.2007516473531723, 0.2007281482219696, 0.2007524073123932, 0.20067666471004486, 0.2007295936346054, 0.20072881877422333, 0.20074762403964996, 0.20070871710777283, 0.20074845850467682, 0.20070119202136993, 0.20075032114982605, 0.20072922110557556, 0.2007213830947876, 0.20073671638965607, 0.2007233202457428, 0.2007143497467041, 0.20074142515659332, 0.2007090151309967, 0.2007397711277008, 0.2007039338350296, 0.20072408020496368, 0.20073619484901428, 0.20071472227573395, 0.20071838796138763, 0.20074604451656342, 0.20074690878391266, 0.2007363885641098], "frgb_Irgb": [0.0756935104727745, 0.07569611072540283, 0.07570435851812363, 0.07570020854473114, 0.0756879523396492, 0.07570742815732956, 0.07567838579416275, 0.07568319141864777, 0.07569469511508942, 0.07569649070501328, 0.07568486779928207, 0.07569438964128494, 0.07568393647670746, 0.07569293677806854, 0.07570675760507584, 0.07569477707147598, 0.07569290697574615, 0.07570581138134003, 0.07570360600948334, 0.07570331543684006, 0.07570292800664902, 0.07569462060928345, 0.07569930702447891, 0.07569669932126999, 0.07570546865463257, 0.07569149881601334, 0.07568268477916718, 0.07569708675146103, 0.07569997757673264, 0.0756949782371521], "fir_Irgb": [0.08773355931043625, 0.08773963898420334, 0.0877329558134079, 0.08772554993629456, 0.08771655708551407, 0.08774735778570175, 0.08771305531263351, 0.08771909773349762, 0.08772744983434677, 0.08773646503686905, 0.08772220462560654, 0.08772336691617966, 0.08770844340324402, 0.08774068206548691, 0.08771953731775284, 0.08774207532405853, 0.08772562444210052, 0.08773645013570786, 0.08773194998502731, 0.08773472905158997, 0.087735615670681, 0.0877213180065155, 0.08771859854459763, 0.0877227932214737, 0.08773983269929886, 0.08771193027496338, 0.08771655708551407, 0.08771252632141113, 0.08773251622915268, 0.08773091435432434], "frgb_Iir": [0.16896137595176697, 0.1689595878124237, 0.16897328197956085, 0.16899847984313965, 0.16896092891693115, 0.16899749636650085, 0.1689089685678482, 0.16897115111351013, 0.16895918548107147, 0.1689850091934204, 0.1689639687538147, 0.16899903118610382, 0.16892583668231964, 0.16899637877941132, 0.169012188911438, 0.1689700186252594, 0.16898256540298462, 0.16898050904273987, 0.16898059844970703, 0.16899479925632477, 0.1689634770154953, 0.1689591407775879, 0.16895639896392822, 0.1689666211605072, 0.16898246109485626, 0.1689504086971283, 0.16894930601119995, 0.1689959317445755, 0.1689833551645279, 0.16899114847183228],