{"model-name": "regressionBlock", "epochs": 30, "resumed_from": null, "train_size": 2180, "test_size": 934, "featureEmbeddingBackBone": null, "predicting_homography": true, "tag_name": "VEDAI-regressionBlock-ssim_pixel-l2_homography_loss-homography-2-30-0e62a522c44f423dadbe0690c368ac23", "per_epoch_metrics": {"backbone_train_loss": {"fir_frgb": [0.15328779816627502, 0.1532847285270691, 0.15326540172100067, 0.15329989790916443, 0.15327909588813782, 0.15330035984516144, 0.15329012274742126, 0.1532871425151825, 0.1532806158065796, 0.15328460931777954, 0.15327154099941254, 0.1532827615737915, 0.15329505503177643, 0.15328779816627502, 0.1532619595527649, 0.15326490998268127, 0.1532939374446869, 0.15328875184059143, 0.15330587327480316, 0.15327651798725128, 0.1532823145389557, 0.1532878577709198, 0.15324440598487854, 0.15330006182193756, 0.15329869091510773, 0.1533021628856659, 0.15327726304531097, 0.15327313542366028, 0.15330490469932556, 0.1532932072877884], "fir_Iir": [0.11220241338014603, 0.11220564693212509, 0.11220505833625793, 0.11220937967300415, 0.11220724135637283, 0.11220792680978775, 0.11221351474523544, 0.11220826208591461, 0.11220616102218628, 0.1122017428278923, 0.11221018433570862, 0.11220498383045197, 0.11220470815896988, 0.11220798641443253, 0.11220232397317886, 0.11219849437475204, 0.11220505833625793, 0.11220771819353104, 0.11220386624336243, 0.11220818012952805, 0.11220183968544006, 0.11220809817314148, 0.11220349371433258, 0.11220775544643402, 0.11220339685678482, 0.11220690608024597, 0.11220313608646393, 0.11221064627170563, 0.11220606416463852, 0.1122111827135086], "frgb_Irgb": [0.08131038397550583, 0.08131282776594162, 0.08130054175853729, 0.08131968975067139, 0.08130092918872833, 0.0813179537653923, 0.0813107118010521, 0.08131397515535355, 0.08130045235157013, 0.0813145786523819, 0.08130121231079102, 0.08130326867103577, 0.08131693303585052, 0.08131524920463562, 0.08129629492759705, 0.08130886405706406, 0.08131738007068634, 0.08130967617034912, 0.08131767809391022, 0.08130350708961487, 0.081307053565979, 0.08131591975688934, 0.08128657937049866, 0.08131185919046402, 0.08131934702396393, 0.08131569623947144, 0.08131054788827896, 0.08130651712417603, 0.08132104575634003, 0.08131252229213715], "fir_Irgb": [0.2406454086303711, 0.24063508212566376, 0.24060498178005219, 0.24064935743808746, 0.24062253534793854, 0.2406548112630844, 0.24063865840435028, 0.2406444251537323, 0.2406276911497116, 0.2406303435564041, 0.2406107783317566, 0.24062521755695343, 0.24065059423446655, 0.24064305424690247, 0.24060730636119843, 0.24062852561473846, 0.24064572155475616, 0.24064655601978302, 0.2406531423330307, 0.24062269926071167, 0.24063049256801605, 0.2406400591135025, 0.24057064950466156, 0.24064910411834717, 0.24065688252449036, 0.24065493047237396, 0.24063238501548767, 0.24062693119049072, 0.2406582087278366, 0.2406425029039383], "frgb_Iir": [0.15328779816627502, 0.1532847285270691, 0.15326540172100067, 0.15329989790916443, 0.15327909588813782, 0.15330035984516144, 0.15329012274742126, 0.1532871425151825, 0.1532806158065796, 0.15328460931777954, 0.15327154099941254, 0.1532827615737915, 0.15329505503177643, 0.15328779816627502, 0.1532619595527649, 0.15326490998268127, 0.1532939374446869, 0.15328875184059143, 0.15330587327480316, 0.15327651798725128, 0.1532823145389557, 0.1532878577709198, 0.15324440598487854, 0.15330006182193756, 0.15329869091510773, 0.1533021628856659, 0.15327726304531097, 0.15327313542366028, 0.15330490469932556, 0.1532932072877884], "ir_Irgb": [0.3007360100746155, 0.30074307322502136, 0.30070775747299194, 0.3007713854312897, 0.30071720480918884, 0.30076244473457336, 0.30074238777160645, 0.300747275352478, 0.3007199466228485, 0.3007444739341736, 0.3007102906703949, 0.30072301626205444, 0.30075740814208984, 0.3007503151893616, 0.30069977045059204, 0.3007251024246216, 0.30075696110725403, 0.30073684453964233, 0.3007735311985016, 0.3007238209247589, 0.30072829127311707, 0.30074647068977356, 0.30066683888435364, 0.3007608950138092, 0.30076703429222107, 0.30076730251312256, 0.3007343113422394, 0.3007216155529022, 0.3007795810699463, 0.3007510304450989], "total_loss": [0.47535595297813416, 0.4753449857234955, 0.47528329491615295, 0.4753812849521637, 0.4753149151802063, 0.47538548707962036, 0.47535187005996704, 0.47535791993141174, 0.47532108426094055, 0.47534191608428955, 0.47529587149620056, 0.4753235876560211, 0.4753749370574951, 0.4753584861755371, 0.4752779006958008, 0.4753146469593048, 0.475369393825531, 0.4753573536872864, 0.4753890633583069, 0.4753150939941406, 0.4753321707248688, 0.47535619139671326, 0.47521400451660156, 0.47537338733673096, 0.4753872752189636, 0.4753851294517517, 0.4753325581550598, 0.47531893849372864, 0.4753965735435486, 0.47536060214042664]}, "backbone_test_results": {"fir_frgb": [0.1529584378004074, 0.15288963913917542, 0.15298892557621002, 0.15295101702213287, 0.15287074446678162, 0.152930349111557, 0.15296590328216553, 0.15297184884548187, 0.15295888483524323, 0.15293440222740173, 0.1529686152935028, 0.152921661734581, 0.1529380977153778, 0.15296609699726105, 0.15290102362632751, 0.15293057262897491, 0.15296076238155365, 0.1529541015625, 0.15292173624038696, 0.15295478701591492, 0.1529429852962494, 0.15294207632541656, 0.15287140011787415, 0.15291552245616913, 0.1529286801815033, 0.15288901329040527, 0.15290088951587677, 0.1529674381017685, 0.15291643142700195, 0.1529107540845871], "fir_Iir": [0.11215529590845108, 0.11215097457170486, 0.11214964836835861, 0.11213803291320801, 0.11215048283338547, 0.11214897036552429, 0.11214375495910645, 0.11215221136808395, 0.11215174198150635, 0.11213785409927368, 0.1121467873454094, 0.11214563250541687, 0.11214528232812881, 0.11214015632867813, 0.11213843524456024, 0.1121462807059288, 0.1121455505490303, 0.11214935034513474, 0.11214785277843475, 0.1121385395526886, 0.11214075237512589, 0.11214949935674667, 0.11214141547679901, 0.11214670538902283, 0.1121370866894722, 0.11214996129274368, 0.11214926838874817, 0.1121506541967392, 0.1121436357498169, 0.11214616894721985], "frgb_Irgb": [0.08132488280534744, 0.08129791915416718, 0.08133838325738907, 0.08131761848926544, 0.08128167688846588, 0.08129215985536575, 0.08132032305002213, 0.08133099228143692, 0.08132147789001465, 0.08130931109189987, 0.081329345703125, 0.08127851784229279, 0.08132436126470566, 0.08133160322904587, 0.08129733055830002, 0.08130951970815659, 0.08132560551166534, 0.08132895082235336, 0.08130069077014923, 0.08131694048643112, 0.08132101595401764, 0.08131198585033417, 0.08130257576704025, 0.08130376785993576, 0.08130668848752975, 0.08129730820655823, 0.08128862828016281, 0.0813271552324295, 0.08130315691232681, 0.08132073283195496], "fir_Irgb": [0.2407323271036148, 0.24062475562095642, 0.24076752364635468, 0.24072304368019104, 0.2405954897403717, 0.24067163467407227, 0.24071651697158813, 0.24073781073093414, 0.24072137475013733, 0.24069631099700928, 0.24071146547794342, 0.24065867066383362, 0.24071095883846283, 0.24073757231235504, 0.24064156413078308, 0.24070468544960022, 0.24071179330348969, 0.2407398223876953, 0.24066385626792908, 0.2407035231590271, 0.24071574211120605, 0.2406788468360901, 0.24064137041568756, 0.24066337943077087, 0.24067217111587524, 0.24063584208488464, 0.24064159393310547, 0.24074792861938477, 0.24065926671028137, 0.24065442383289337], "frgb_Iir": [0.1529584378004074, 0.15288963913917542, 0.15298892557621002, 0.15295101702213287, 0.15287074446678162, 0.152930349111557, 0.15296590328216553, 0.15297184884548187, 0.15295888483524323, 0.15293440222740173, 0.1529686152935028, 0.152921661734581, 0.1529380977153778, 0.15296609699726105, 0.15290102362632751, 0.15293057262897491, 0.15296076238155365, 0.1529541015625, 0.15292173624038696, 0.15295478701591492, 0.1529429852962494, 0.15294207632541656, 0.15287140011787415, 0.15291552245616913, 0.1529286801815033, 0.15288901329040527, 0.15290088951587677, 0.1529674381017685, 0.15291643142700195, 0.1529107540845871],