{"model-name": "featureEmbeddingBackbone", "epochs": 50, "loss_function": "ssim_pixel", "resumed_from": null, "train_size": 1090, "test_size": 467, "tag_name": "VEDAI-ssim_pixel-featureEmbeddingBackbone-1-50-87c2a856014444ffbeb6967f025e9ed0", "per_epoch_metrics": {"train_loss": {"fir_frgb": [0.2205052524805069, 0.1882571429014206, 0.18167366087436676, 0.17798437178134918, 0.1747918426990509, 0.17254067957401276, 0.17059259116649628, 0.16901475191116333, 0.1678956300020218, 0.1669348180294037, 0.16587239503860474, 0.165244460105896, 0.16420087218284607, 0.16345293819904327, 0.16296616196632385, 0.1619950532913208, 0.16185028851032257, 0.1609889268875122, 0.1608068346977234, 0.1602887362241745, 0.1598713994026184, 0.15960822999477386, 0.15902285277843475, 0.1585904210805893, 0.158469557762146, 0.15769127011299133, 0.15760774910449982, 0.15740031003952026, 0.15730971097946167, 0.15688662230968475, 0.15667620301246643, 0.15679138898849487, 0.15616992115974426, 0.15604865550994873, 0.155731663107872, 0.15554924309253693, 0.15543492138385773, 0.15530522167682648, 0.1549397110939026, 0.15500302612781525, 0.1547335535287857, 0.15454959869384766, 0.15441995859146118, 0.15426389873027802, 0.15403158962726593, 0.15406866371631622, 0.15390974283218384, 0.15393510460853577, 0.1539282649755478, 0.15359525382518768], "fir_Iir": [0.16306975483894348, 0.10718890279531479, 0.10290073603391647, 0.10309302806854248, 0.1039620116353035, 0.1046438068151474, 0.10513942688703537, 0.10544122755527496, 0.10627356171607971, 0.10674528032541275, 0.10710438340902328, 0.10682112723588943, 0.10744377970695496, 0.10782293975353241, 0.10822965204715729, 0.10836640745401382, 0.10899952054023743, 0.10889291763305664, 0.1092347800731659, 0.10936381667852402, 0.10973342508077621, 0.10994275659322739, 0.11038036644458771, 0.1104695200920105, 0.11101920902729034, 0.11093669384717941, 0.11170089989900589, 0.11153567582368851, 0.11172214895486832, 0.11221547424793243, 0.11234728246927261, 0.11242471635341644, 0.1127956435084343, 0.11253709346055984, 0.1130361258983612, 0.11328088492155075, 0.11337932199239731, 0.11380524188280106, 0.11386100202798843, 0.11392605304718018, 0.11400159448385239, 0.11420904099941254, 0.11461521685123444, 0.11456622183322906, 0.11485605686903, 0.1150040328502655, 0.11530022323131561, 0.11537385731935501, 0.11513189971446991, 0.11580533534288406], "frgb_Irgb": [0.09828551113605499, 0.07907960563898087, 0.07829064130783081, 0.07822787761688232, 0.0782313123345375, 0.07856398820877075, 0.07864601165056229, 0.07877771556377411, 0.07894541323184967, 0.07905979454517365, 0.07911956310272217, 0.07923451066017151, 0.07953501492738724, 0.07942013442516327, 0.07949835807085037, 0.07981492578983307, 0.07964368164539337, 0.07980668544769287, 0.07977814227342606, 0.07995220273733139, 0.08002335578203201, 0.07999281585216522, 0.08016039431095123, 0.08020185679197311, 0.08035968244075775, 0.08042232692241669, 0.08038201928138733, 0.08050473779439926, 0.08038240671157837, 0.08057417720556259, 0.08058348298072815, 0.08052536100149155, 0.08063306659460068, 0.08070337772369385, 0.08079072088003159, 0.08082740008831024, 0.08080623298883438, 0.08085557818412781, 0.08088312298059464, 0.0808757096529007, 0.08092060685157776, 0.08096852898597717, 0.08098682016134262, 0.08101561665534973, 0.0810995101928711, 0.0810713842511177, 0.08112744241952896, 0.08111907541751862, 0.08104243874549866, 0.08115938305854797], "fir_Irgb": [0.340947687625885, 0.2801770269870758, 0.2710910439491272, 0.2667165994644165, 0.2634866535663605, 0.2610376179218292, 0.25914737582206726, 0.25776636600494385, 0.25655433535575867, 0.25480562448501587, 0.254085898399353, 0.2537941336631775, 0.25257542729377747, 0.2518480122089386, 0.25111067295074463, 0.2506861388683319, 0.25002244114875793, 0.24951529502868652, 0.24908211827278137, 0.24885039031505585, 0.24816648662090302, 0.24784456193447113, 0.2472953051328659, 0.2469116747379303, 0.24627265334129333, 0.24591399729251862, 0.24582810699939728, 0.24540410935878754, 0.24509193003177643, 0.24482016265392303, 0.24458354711532593, 0.24430789053440094, 0.24406006932258606, 0.24393685162067413, 0.24370215833187103, 0.24335405230522156, 0.24307909607887268, 0.24282436072826385, 0.24274958670139313, 0.2426086962223053, 0.24234753847122192, 0.2420930117368698, 0.24198009073734283, 0.24175092577934265, 0.24156667292118073, 0.24150744080543518, 0.2413560152053833, 0.24117353558540344, 0.24105364084243774, 0.2408105731010437], "frgb_Iir": [0.2205052524805069, 0.1882571429014206, 0.18167366087436676, 0.17798437178134918, 0.1747918426990509, 0.17254067957401276, 0.17059259116649628, 0.16901475191116333, 0.1678956300020218, 0.1669348180294037, 0.16587239503860474, 0.165244460105896, 0.16420087218284607, 0.16345293819904327, 0.16296616196632385, 0.1619950532913208, 0.16185028851032257, 0.1609889268875122, 0.1608068346977234, 0.1602887362241745, 0.1598713994026184, 0.15960822999477386, 0.15902285277843475, 0.1585904210805893, 0.158469557762146, 0.15769127011299133, 0.15760774910449982, 0.15740031003952026, 0.15730971097946167, 0.15688662230968475, 0.15667620301246643, 0.15679138898849487, 0.15616992115974426, 0.15604865550994873, 0.155731663107872, 0.15554924309253693, 0.15543492138385773, 0.15530522167682648, 0.1549397110939026, 0.15500302612781525, 0.1547335535287857, 0.15454959869384766, 0.15441995859146118, 0.15426389873027802, 0.15403158962726593, 0.15406866371631622, 0.15390974283218384, 0.15393510460853577, 0.1539282649755478, 0.15359525382518768], "ir_Irgb": [0.30076125264167786, 0.3006943464279175, 0.3007430136203766, 0.30075886845588684, 0.3007315397262573, 0.30074265599250793, 0.3007217049598694, 0.30073267221450806, 0.300715833902359, 0.3007645308971405, 0.3007381856441498, 0.3007671535015106, 0.3007393181324005, 0.30073750019073486, 0.3007638454437256, 0.3007129430770874, 0.3007715046405792, 0.3007238507270813, 0.300772488117218, 0.3007917106151581, 0.3007514476776123, 0.3007369637489319, 0.30074194073677063, 0.3007458746433258, 0.3007369935512543, 0.30073168873786926, 0.3007529377937317, 0.30075517296791077, 0.3007456362247467, 0.30075326561927795, 0.3007548749446869, 0.30075564980506897, 0.3007482588291168, 0.3007805645465851, 0.30077531933784485, 0.3007580041885376, 0.3007695972919464, 0.3007231652736664, 0.30073198676109314, 0.30071789026260376, 0.30071118474006653, 0.3007418215274811, 0.30071398615837097, 0.30074208974838257, 0.30070459842681885, 0.30074384808540344, 0.3007562458515167, 0.3007485270500183, 0.3007478713989258, 0.3007524907588959], "total_loss": [0.6599016189575195, 0.5476211905479431, 0.5311583876609802, 0.5230320692062378, 0.5166139006614685, 0.5122471451759338, 0.5084912776947021, 0.5056644082069397, 0.5035017728805542, 0.5009071230888367, 0.49918508529663086, 0.4983801543712616, 0.49641886353492737, 0.4948290288448334, 0.4936835765838623, 0.49260467290878296, 0.49162551760673523, 0.4904199540615082, 0.4897764325141907, 0.4892008602619171, 0.4881711006164551, 0.4875556528568268, 0.48658907413482666, 0.48581454157829285, 0.485213041305542, 0.48413869738578796, 0.48392972350120544, 0.48342084884643555, 0.48289594054222107, 0.4823933243751526, 0.48195576667785645, 0.4817372262477875, 0.48097601532936096, 0.480801522731781, 0.4803377091884613, 0.47984418272972107, 0.4794337749481201, 0.4790990948677063, 0.4786864221096039, 0.47860151529312134, 0.47811582684516907, 0.4777255356311798, 0.47750166058540344, 0.47714513540267944, 0.47681280970573425, 0.4767626225948334, 0.47650861740112305, 0.4763432741165161, 0.476139634847641, 0.4756811857223511]},