{"model-name": "featureEmbeddingBackbone", "epochs": 2, "resumed_from": null, "train_size": 4361, "test_size": 1869, "tag_name": "VEDAI-featureEmbeddingBackbone-1-2-4bed7106839841b9be745caa3ed66eb3", "per_epoch_metrics": {"train_loss": {"fir_frgb": [63772.29296875, 15991.76953125], "fir_Iir": [39060.67578125, 81146.3515625], "frgb_Irgb": [29105.3671875, 18495.828125], "fir_Irgb": [40894.83203125, 31265.060546875], "frgb_Iir": [63772.29296875, 15991.76953125], "ir_Irgb": [44039.828125, 37820.87890625], "total_loss": [133811.5625, 65833.8125]}, "test_results": {"fir_frgb": [12472.298828125, 15888.6005859375], "fir_Iir": [2951.383056640625, 49428.0078125], "frgb_Irgb": [24409.6953125, 24233.16796875], "fir_Irgb": [43090.734375, 11929.06640625], "frgb_Iir": [12472.298828125, 15888.6005859375], "ir_Irgb": [26890.8046875, 37184.00390625], "total_loss": [79975.6796875, 52100.26953125]}}, "training_time": "0.01 hours"}