{"model-name": "featureEmbeddingBackbone", "epochs": 50, "loss_function": "mse_pixel", "resumed_from": null, "train_size": 1090, "test_size": 467, "tag_name": "VEDAI-mse_pixel-featureEmbeddingBackbone-1-50-259da82c155d46e8ba9b47f098b604f1", "per_epoch_metrics": {"train_loss": {"fir_frgb": [0.024757254868745804, 0.021152468398213387, 0.020448552444577217, 0.01972794532775879, 0.019726073369383812, 0.019472429528832436, 0.019020380452275276, 0.019038481637835503, 0.01856383867561817, 0.018392734229564667, 0.018647031858563423, 0.018364151939749718, 0.01842143014073372, 0.017714740708470345, 0.018087832257151604, 0.018295686691999435, 0.01797162927687168, 0.018021155148744583, 0.01775561273097992, 0.01744728721678257, 0.017767036333680153, 0.017348160967230797, 0.01744155026972294, 0.017309756949543953, 0.0172697976231575, 0.017627524212002754, 0.017201941460371017, 0.0171652901917696, 0.0171296838670969, 0.017349151894450188, 0.017071589827537537, 0.017343781888484955, 0.01702575385570526, 0.01706772670149803, 0.017000583931803703, 0.01719856821000576, 0.01694999821484089, 0.01694154180586338, 0.016925226897001266, 0.016907405108213425, 0.017021995037794113, 0.016873860731720924, 0.016880590468645096, 0.01685570739209652, 0.016855834051966667, 0.01683996059000492, 0.016816304996609688, 0.016815276816487312, 0.016825897619128227, 0.01679185964167118], "fir_Iir": [0.05071863904595375, 0.047383930534124374, 0.04721751809120178, 0.046920809894800186, 0.047203756868839264, 0.04679439216852188, 0.0473337359726429, 0.046917624771595, 0.04726953059434891, 0.04717564582824707, 0.047498077154159546, 0.04738844558596611, 0.04751301556825638, 0.04754577949643135, 0.04774940386414528, 0.047637924551963806, 0.047898221760988235, 0.047887567430734634, 0.0480223223567009, 0.048128753900527954, 0.04817208647727966, 0.04828489199280739, 0.04820637032389641, 0.04829879850149155, 0.04844798892736435, 0.04857875779271126, 0.04855411499738693, 0.04868786036968231, 0.048652756959199905, 0.04882146790623665, 0.04877275973558426, 0.04890868067741394, 0.0488598495721817, 0.049031198024749756, 0.04901774600148201, 0.04903912916779518, 0.04912872239947319, 0.049060240387916565, 0.04920000582933426, 0.04921510070562363, 0.04916675016283989, 0.04932629317045212, 0.049299754202365875, 0.04933662712574005, 0.04935554414987564, 0.04938698932528496, 0.04941481724381447, 0.04954095929861069, 0.04933001101016998, 0.049523115158081055], "frgb_Irgb": [0.015822092071175575, 0.01522692572325468, 0.01519747730344534, 0.015181445516645908, 0.015162844210863113, 0.015175968408584595, 0.015156405046582222, 0.015128090046346188, 0.0151801323518157, 0.015197395347058773, 0.015176605433225632, 0.015188125893473625, 0.015142285265028477, 0.015252591110765934, 0.015198193490505219, 0.015122523531317711, 0.015187998302280903, 0.015186435543000698, 0.015226997435092926, 0.015278453938663006, 0.015228345058858395, 0.015296760946512222, 0.015267792157828808, 0.015306578017771244, 0.015308854170143604, 0.01522555761039257, 0.015303757041692734, 0.015313400886952877, 0.015324202366173267, 0.015276170335710049, 0.015331897884607315, 0.01525324396789074, 0.015329353511333466, 0.015325273387134075, 0.015334687195718288, 0.015303918160498142, 0.015334215015172958, 0.015340997837483883, 0.015346082858741283, 0.015348812565207481, 0.01532264519482851, 0.015342905186116695, 0.015338148921728134, 0.015349236316978931, 0.015341977588832378, 0.015349430032074451, 0.015352308750152588, 0.015349587425589561, 0.015315067954361439, 0.015329196117818356], "fir_Irgb": [0.021632032468914986, 0.019249239936470985, 0.018919803202152252, 0.018561765551567078, 0.01868573948740959, 0.017910676077008247, 0.017877215519547462, 0.01722727157175541, 0.01689872331917286, 0.016596294939517975, 0.016610395163297653, 0.016230346634984016, 0.0161967184394598, 0.016005123034119606, 0.015874000266194344, 0.01568259298801422, 0.015467974357306957, 0.01522944588214159, 0.015199713408946991, 0.01505516842007637, 0.014937971718609333, 0.014800643548369408, 0.014912816695868969, 0.014734990894794464, 0.01449524611234665, 0.014364858157932758, 0.014337986707687378, 0.01422722265124321, 0.014204404316842556, 0.014079649932682514, 0.013967165723443031, 0.013884204439818859, 0.013870162889361382, 0.013785261660814285, 0.01371573843061924, 0.013686783611774445, 0.013641418889164925, 0.013586331158876419, 0.013567747548222542, 0.013481252826750278, 0.013514256104826927, 0.013378219678997993, 0.0133668202906847, 0.013331490568816662, 0.013273552060127258, 0.013202656991779804, 0.013196387328207493, 0.013183528557419777, 0.013139094226062298, 0.01315726526081562], "frgb_Iir": [0.024757254868745804, 0.021152468398213387, 0.020448552444577217, 0.01972794532775879, 0.019726073369383812, 0.019472429528832436, 0.019020380452275276, 0.019038481637835503, 0.01856383867561817, 0.018392734229564667, 0.018647031858563423, 0.018364151939749718, 0.01842143014073372, 0.017714740708470345, 0.018087832257151604, 0.018295686691999435, 0.01797162927687168, 0.018021155148744583, 0.01775561273097992, 0.01744728721678257, 0.017767036333680153, 0.017348160967230797, 0.01744155026972294, 0.017309756949543953, 0.0172697976231575, 0.017627524212002754, 0.017201941460371017, 0.0171652901917696, 0.0171296838670969, 0.017349151894450188, 0.017071589827537537, 0.017343781888484955, 0.01702575385570526, 0.01706772670149803, 0.017000583931803703, 0.01719856821000576, 0.01694999821484089, 0.01694154180586338, 0.016925226897001266, 0.016907405108213425, 0.017021995037794113, 0.016873860731720924, 0.016880590468645096, 0.01685570739209652, 0.016855834051966667, 0.01683996059000492, 0.016816304996609688, 0.016815276816487312, 0.016825897619128227, 0.01679185964167118], "ir_Irgb": [0.062155626714229584, 0.062160275876522064, 0.062167610973119736, 0.062172818928956985, 0.062169842422008514, 0.06215982884168625, 0.06216711923480034, 0.062152232974767685, 0.06216275319457054, 0.062166936695575714, 0.062162164598703384, 0.0621601901948452, 0.062160514295101166, 0.062164515256881714, 0.06216590106487274, 0.06217120215296745, 0.062164098024368286, 0.06216786801815033, 0.062168437987565994, 0.06216069310903549, 0.06216541305184364, 0.06216296926140785, 0.062155067920684814, 0.06216735765337944, 0.06215176358819008, 0.062170933932065964, 0.0621657632291317, 0.06216321513056755, 0.06216670200228691, 0.06215182691812515, 0.06216936558485031, 0.06216404587030411, 0.06216013431549072, 0.062166959047317505, 0.06216690316796303, 0.06216280907392502, 0.06215067207813263, 0.06216917932033539, 0.06215956062078476, 0.06216166168451309, 0.06216615438461304, 0.06215788051486015, 0.0621514692902565, 0.06216299906373024, 0.0621626116335392, 0.06216128170490265, 0.0621630884706974, 0.062165550887584686, 0.06215590611100197, 0.062169164419174194], "total_loss": [0.06226219981908798, 0.05567612126469612, 0.054613154381513596, 0.05351818725466728, 0.05362197011709213, 0.05260597541928291, 0.052101440727710724, 0.05144086852669716, 0.050690073519945145, 0.050233710557222366, 0.0504816398024559, 0.0498301237821579, 0.04980805516242981, 0.049020104110240936, 0.049207888543605804, 0.049148548394441605, 0.04867560788989067, 0.048485033214092255, 0.048230454325675964, 0.04782915115356445, 0.047981634736061096, 0.047493960708379745, 0.04767047241330147, 0.04739973321557045, 0.04712245613336563, 0.04726662486791611, 0.046892352402210236, 0.046754706650972366, 0.04670704901218414, 0.0467539019882679, 0.04641953483223915, 0.04653025045990944, 0.04627423733472824, 0.04622740298509598, 0.046100132167339325, 0.04623841494321823, 0.04597486928105354, 0.045918043702840805, 0.04588836804032326, 0.04578679800033569, 0.04590817540884018, 0.04564442113041878, 0.04563496261835098, 0.04558587819337845, 0.045520830899477005, 0.04544154182076454, 0.0454145222902298, 0.0453980416059494, 0.045329499989748, 0.04532795026898384]},