{"model-name": "featureEmbeddingBackbone", "epochs": 2, "resumed_from": null, "train_size": 234, "test_size": 234, "tag_name": "VEDAI-featureEmbeddingBackbone-1-2-c0ec8edef9804ba5b634d4b08235de3f", "per_epoch_metrics": {"train_loss": {"fir_frgb": [19536.0, 19536.0], "fir_Iir": [16464.0, 16480.0], "frgb_Irgb": [10424.0, 10424.0], "fir_Irgb": [11288.0, 11296.0], "frgb_Iir": [19536.0, 19536.0], "ir_Irgb": [18752.0, 18736.0], "total_loss": [41261.33203125, 41271.04296875]}, "test_results": {"fir_frgb": [19552.0, 19536.0], "fir_Iir": [16480.0, 16464.0], "frgb_Irgb": [10424.0, 10424.0], "fir_Irgb": [11288.0, 11288.0], "frgb_Iir": [19552.0, 19536.0], "ir_Irgb": [18752.0, 18752.0], "total_loss": [41272.0, 41257.9140625]}}, "training_time": "0.34 hours"}