{"model-name": "featureEmbeddingBackbone", "epochs": 50, "loss_function": "ssim_pixel", "resumed_from": null, "train_size": 1090, "test_size": 467, "tag_name": "VEDAI-ssim_pixel-featureEmbeddingBackbone-1-50-4bcd9db809824a22909246a94ce7cb54", "per_epoch_metrics": {"train_loss": {"fir_frgb": [0.23700760304927826, 0.18951961398124695, 0.1824444681406021, 0.17843689024448395, 0.17535042762756348, 0.17330779135227203, 0.17154207825660706], "fir_Iir": [0.4237971901893616, 0.41054898500442505, 0.40928128361701965, 0.37284502387046814, 0.10271177440881729, 0.10324645787477493, 0.1036204919219017], "frgb_Irgb": [0.11994694918394089, 0.08234832435846329, 0.08021547645330429, 0.07949097454547882, 0.07907135039567947, 0.07917390763759613, 0.07921852916479111], "fir_Irgb": [0.5358096957206726, 0.5158373713493347, 0.5106781125068665, 0.4799825847148895, 0.26655295491218567, 0.2618424892425537, 0.25935953855514526], "frgb_Iir": [0.23700760304927826, 0.18951961398124695, 0.1824444681406021, 0.17843689024448395, 0.17535042762756348, 0.17330779135227203, 0.17154207825660706], "ir_Irgb": [0.30070972442626953, 0.3007451295852661, 0.3007180690765381, 0.3007805049419403, 0.3007337152957916, 0.30074456334114075, 0.30075138807296753], "total_loss": [0.8931882381439209, 0.7881160378456116, 0.7737475633621216, 0.7382835149765015, 0.5210776329040527, 0.5144276022911072, 0.5102238655090332]}, "test_results": {"fir_frgb": [0.20530736446380615, 0.19744879007339478, 0.1787000596523285, 0.17100657522678375, 0.17258644104003906, 0.17074264585971832, 0.17907576262950897], "fir_Iir": [0.37776869535446167, 0.3953573405742645, 0.4110850989818573, 0.15282990038394928, 0.08276274055242538, 0.10369926691055298, 0.12134357541799545], "frgb_Irgb": [0.07377724349498749, 0.06842688471078873, 0.07867226004600525, 0.08420409262180328, 0.08088348805904388, 0.07781746983528137, 0.07161475718021393], "fir_Irgb": [0.5253551602363586, 0.5183852910995483, 0.5067608952522278, 0.28282201290130615, 0.26234063506126404, 0.2581799328327179, 0.2574106752872467], "frgb_Iir": [0.20530736446380615, 0.19744879007339478, 0.1787000596523285, 0.17100657522678375, 0.17258644104003906, 0.17074264585971832, 0.17907576262950897], "ir_Irgb": [0.3002631664276123, 0.3003401458263397, 0.30039817094802856, 0.30035656690597534, 0.30042219161987305, 0.3003641366958618, 0.3004522919654846], "total_loss": [0.8048177361488342, 0.7846565246582031, 0.7645445466041565, 0.5381856560707092, 0.5158934593200684, 0.5068439245223999, 0.5082226991653442]}}, "training_time": "28.57 hours"}