{"model-name": "regressionBlock", "epochs": 30, "resumed_from": null, "train_size": 2180, "test_size": 934, "featureEmbeddingBackBone": null, "predicting_homography": true, "tag_name": "VEDAI-regressionBlock-sse_pixel-l2_homography_loss-homography-2-30-eb2655ea171b459a88209a1aa130173a", "per_epoch_metrics": {"backbone_train_loss": {"fir_frgb": [2449.21044921875, 2448.721435546875, 2448.314697265625, 2449.01416015625, 2449.255126953125, 2449.367431640625, 2448.994384765625, 2449.199951171875, 2449.099609375, 2449.12158203125, 2449.28173828125, 2449.120361328125, 2449.06689453125, 2448.906005859375, 2448.882080078125, 2449.251708984375, 2449.319580078125, 2449.062744140625, 2449.1376953125, 2449.177001953125, 2447.800048828125, 2448.255859375, 2449.064208984375, 2448.78857421875, 2448.78662109375, 2449.2333984375, 2448.967529296875, 2448.670654296875, 2447.9072265625, 2449.22607421875], "fir_Iir": [9639.9033203125, 9638.1611328125, 9638.9970703125, 9639.5224609375, 9639.5029296875, 9639.1533203125, 9639.1064453125, 9638.197265625, 9638.72265625, 9639.451171875, 9639.94140625, 9638.14453125, 9639.056640625, 9639.0458984375, 9639.6435546875, 9639.84375, 9639.58984375, 9639.15625, 9639.4453125, 9638.7333984375, 9638.9638671875, 9638.7470703125, 9639.39453125, 9638.60546875, 9639.69921875, 9639.1630859375, 9638.783203125, 9639.0087890625, 9639.26953125, 9639.4619140625], "frgb_Irgb": [5355.232421875, 5353.9677734375, 5354.58544921875, 5354.9365234375, 5354.6298828125, 5355.01318359375, 5354.38330078125, 5355.134765625, 5354.193359375, 5355.064453125, 5354.41455078125, 5354.8916015625, 5354.63671875, 5354.529296875, 5354.40087890625, 5354.787109375, 5354.7109375, 5354.90087890625, 5355.1005859375, 5354.96435546875, 5353.5625, 5354.4052734375, 5354.62841796875, 5354.69287109375, 5354.423828125, 5354.5263671875, 5354.908203125, 5354.50830078125, 5354.013671875, 5354.91015625], "fir_Irgb": [3516.96484375, 3517.293212890625, 3516.600830078125, 3517.0693359375, 3517.217041015625, 3517.071533203125, 3516.944091796875, 3517.35546875, 3517.41796875, 3516.690185546875, 3517.4091796875, 3517.56640625, 3517.30029296875, 3517.072998046875, 3516.791259765625, 3517.482666015625, 3517.348388671875, 3517.0966796875, 3516.6220703125, 3517.467529296875, 3515.761962890625, 3516.77099609375, 3516.92236328125, 3516.669921875, 3516.799072265625, 3517.192626953125, 3516.89306640625, 3517.022705078125, 3515.953369140625, 3517.12158203125], "frgb_Iir": [2449.21044921875, 2448.721435546875, 2448.314697265625, 2449.01416015625, 2449.255126953125, 2449.367431640625, 2448.994384765625, 2449.199951171875, 2449.099609375, 2449.12158203125, 2449.28173828125, 2449.120361328125, 2449.06689453125, 2448.906005859375, 2448.882080078125, 2449.251708984375, 2449.319580078125, 2449.062744140625, 2449.1376953125, 2449.177001953125, 2447.800048828125, 2448.255859375, 2449.064208984375, 2448.78857421875, 2448.78662109375, 2449.2333984375, 2448.967529296875, 2448.670654296875, 2447.9072265625, 2449.22607421875], "ir_Irgb": [12223.0751953125, 12219.0322265625, 12219.6162109375, 12222.0947265625, 12222.1357421875, 12222.728515625, 12220.6240234375, 12222.21484375, 12220.5595703125, 12222.7431640625, 12221.73046875, 12221.5556640625, 12221.0859375, 12220.802734375, 12220.5888671875, 12222.1943359375, 12222.515625, 12221.8681640625, 12222.6064453125, 12221.81640625, 12216.248046875, 12218.8544921875, 12221.6162109375, 12220.73046875, 12220.4853515625, 12221.5107421875, 12221.45703125, 12220.1708984375, 12217.57421875, 12222.1962890625], "total_loss": [11331.0498046875, 11329.6220703125, 11329.1416015625, 11330.6611328125, 11330.7431640625, 11331.09375, 11329.9619140625, 11331.330078125, 11330.3525390625, 11330.5166015625, 11330.7470703125, 11331.21875, 11330.6435546875, 11330.1484375, 11329.7158203125, 11331.1611328125, 11331.0205078125, 11330.701171875, 11330.5009765625, 11331.25, 11326.765625, 11329.072265625, 11330.2568359375, 11329.791015625, 11329.650390625, 11330.5927734375, 11330.4091796875, 11329.841796875, 11327.515625, 11330.8994140625]}, "backbone_test_results": {"fir_frgb": [2451.32763671875, 2452.253662109375, 2451.806396484375, 2451.623046875, 2451.4150390625, 2450.169189453125, 2452.273193359375, 2450.913330078125, 2452.72802734375, 2452.507568359375, 2452.7685546875, 2452.541748046875, 2452.587158203125, 2452.162109375, 2451.830078125, 2451.801513671875, 2452.664306640625, 2452.801513671875, 2451.7626953125, 2451.948486328125, 2452.02197265625, 2450.740478515625, 2452.225341796875, 2452.491455078125, 2451.97900390625, 2451.325927734375, 2451.9560546875, 2449.40625, 2452.42236328125, 2451.985595703125], "fir_Iir": [9636.314453125, 9638.6552734375, 9637.224609375, 9637.8994140625, 9637.267578125, 9637.322265625, 9639.15625, 9636.5302734375, 9640.048828125, 9637.5625, 9637.732421875, 9637.6298828125, 9637.5263671875, 9638.3408203125, 9637.6123046875, 9638.1240234375, 9636.287109375, 9638.267578125, 9637.400390625, 9637.4423828125, 9636.51171875, 9636.4599609375, 9637.208984375, 9639.30859375, 9637.970703125, 9636.44921875, 9637.1904296875, 9636.1923828125, 9637.1630859375, 9637.99609375], "frgb_Irgb": [5359.83642578125, 5360.04052734375, 5360.4208984375, 5360.76318359375, 5359.91552734375, 5358.609375, 5359.8310546875, 5362.28125, 5361.67578125, 5360.984375, 5362.03515625, 5362.0126953125, 5361.88134765625, 5360.6357421875, 5360.56640625, 5359.6669921875, 5361.8212890625, 5362.4951171875, 5360.5830078125, 5359.68310546875, 5360.3154296875, 5360.587890625, 5362.0341796875, 5361.22314453125, 5360.306640625, 5359.443359375, 5360.2275390625, 5360.11865234375, 5361.7373046875, 5360.783203125], "fir_Irgb": [3524.551513671875, 3524.09521484375, 3523.890869140625, 3524.66162109375, 3523.419189453125, 3522.93359375, 3524.295166015625, 3524.069580078125, 3524.533203125, 3524.485107421875, 3524.392333984375, 3524.44091796875, 3524.93310546875, 3524.089599609375, 3522.57666015625, 3523.984130859375, 3524.43994140625, 3524.086669921875, 3523.107177734375, 3523.568603515625, 3524.76953125, 3524.0615234375, 3524.500732421875, 3524.429443359375, 3524.522705078125, 3523.873291015625, 3523.451171875, 3522.937744140625, 3524.647705078125, 3525.103759765625], "frgb_Iir": [2451.32763671875, 2452.253662109375, 2451.806396484375, 2451.623046875, 2451.4150390625, 2450.169189453125, 2452.273193359375, 2450.913330078125, 2452.72802734375, 2452.507568359375, 2452.7685546875, 2452.541748046875, 2452.587158203125, 2452.162109375, 2451.830078125, 2451.801513671875, 2452.664306640625, 2452.801513671875, 2451.7626953125, 2451.948486328125, 2452.02197265625, 2450.740478515625, 2452.225341796875, 2452.491455078125, 2451.97900390625, 2451.325927734375, 2451.9560546875, 2449.40625, 2452.42236328125, 2451.985595703125], "ir_Irgb": [12224.87890625, 12228.38671875, 12227.6884765625, 12227.759765625, 12226.1015625, 12219.8759765625, 12228.21875, 12229.34375, 12233.04296875, 12230.435546875, 12232.7099609375, 12232.0068359375, 12231.94140625, 12229.125, 12228.388671875, 12226.4921875, 12232.0, 12233.9140625, 12228.154296875, 12227.46484375, 12227.9033203125, 12225.359375, 12231.033203125, 12231.2314453125, 12227.9228515625, 12224.6103515625, 12227.38671875, 12222.05859375, 12230.96875, 12228.333984375], "total_loss": [11345.3525390625, 11346.029296875, 11345.7568359375, 11346.6884765625, 11344.388671875, 11341.3515625, 11346.0400390625, 11346.9013671875, 11348.578125, 11347.6171875, 11348.8349609375, 11348.634765625, 11349.041015625, 11346.529296875, 11344.6123046875, 11345.091796875, 11348.564453125, 11349.0234375, 11345.091796875, 11344.837890625, 11346.7451171875, 11345.0263671875, 11348.400390625, 11347.7861328125, 11346.447265625, 11344.2802734375, 11345.2744140625, 11342.1005859375, 11348.4453125, 11347.51171875]},