{"model-name": "featureEmbeddingBackbone", "epochs": 20, "resumed_from": null, "train_size": 1091, "test_size": 468, "tag_name": "VEDAI-featureEmbeddingBackbone-1-20-a9111d1f36614984b2e50e2f0714acf6", "per_epoch_metrics": {"train_loss": {"fir_frgb": [44256.0, 43104.0, 43264.0, 42496.0, 43936.0, 44192.0, 43296.0, 43584.0, 44032.0, 43552.0, 44192.0, 43392.0, 44256.0, 43008.0], "fir_Iir": [44544.0, 43328.0, 43456.0, 42752.0, 44192.0, 44416.0, 43520.0, 43840.0, 44224.0, 43776.0, 44416.0, 43648.0, 44448.0, 43296.0], "frgb_Irgb": [42400.0, 42240.0, 42112.0, 42112.0, 42848.0, 42240.0, 42336.0, 42464.0, 42016.0, 42528.0, 42656.0, 42560.0, 42496.0, 42400.0], "fir_Irgb": [41952.0, 41760.0, 41632.0, 41568.0, 42368.0, 41760.0, 41856.0, 41984.0, 41504.0, 42048.0, 42208.0, 42112.0, 41984.0, 41952.0], "frgb_Iir": [44256.0, 43104.0, 43264.0, 42496.0, 43936.0, 44192.0, 43296.0, 43584.0, 44032.0, 43552.0, 44192.0, 43392.0, 44256.0, 43008.0], "ir_Irgb": [19120.0, 19136.0, 18688.0, 18528.0, 18592.0, 18832.0, 18832.0, 18784.0, 18816.0, 18704.0, 18880.0, 18672.0, 18896.0, 18640.0], "total_loss": [9.999999406318238e-08, 9.999999406318238e-08, 9.999999406318238e-08, 9.999999406318238e-08, 9.999999406318238e-08, 9.999999406318238e-08, 9.999999406318238e-08, 9.999999406318238e-08, 9.999999406318238e-08, 9.999999406318238e-08, 9.999999406318238e-08, 9.999999406318238e-08, 9.999999406318238e-08, 9.999999406318238e-08]}, "test_results": {"fir_frgb": [43232.0, 43680.0, 43584.0, 43424.0, 43552.0, 43712.0, 44000.0, 43936.0, 43392.0, 43840.0, 42976.0, 42912.0, 43712.0, 43232.0], "fir_Iir": [43456.0, 43904.0, 43776.0, 43616.0, 43776.0, 43904.0, 44256.0, 44128.0, 43584.0, 44064.0, 43200.0, 43168.0, 43936.0, 43488.0], "frgb_Irgb": [42240.0, 42272.0, 42432.0, 42496.0, 42432.0, 42176.0, 42592.0, 42496.0, 42272.0, 42912.0, 42464.0, 42304.0, 42656.0, 42336.0], "fir_Irgb": [41792.0, 41792.0, 41984.0, 42016.0, 41952.0, 41696.0, 42112.0, 42016.0, 41792.0, 42432.0, 41984.0, 41824.0, 42176.0, 41824.0], "frgb_Iir": [43232.0, 43680.0, 43584.0, 43424.0, 43552.0, 43712.0, 44000.0, 43936.0, 43392.0, 43840.0, 42976.0, 42912.0, 43712.0, 43232.0], "ir_Irgb": [18848.0, 18768.0, 18688.0, 18832.0, 18688.0, 18752.0, 18720.0, 19008.0, 18784.0, 18784.0, 18672.0, 18816.0, 18768.0, 19088.0], "total_loss": [9.999999406318238e-08, 9.999999406318238e-08, 9.999999406318238e-08, 9.999999406318238e-08, 9.999999406318238e-08, 9.999999406318238e-08, 9.999999406318238e-08, 9.999999406318238e-08, 9.999999406318238e-08, 9.999999406318238e-08, 9.999999406318238e-08, 9.999999406318238e-08, 9.999999406318238e-08, 9.999999406318238e-08]}}, "training_time": "1.39 hours"}