{"model-name": "featureEmbeddingBackbone", "epochs": 50, "loss_function": "mae_pixel", "resumed_from": null, "train_size": 1090, "test_size": 467, "tag_name": "VEDAI-mae_pixel-featureEmbeddingBackbone-1-50-4828b74b0dab4c9195c531597d62f155", "per_epoch_metrics": {"train_loss": {"fir_frgb": [0.16875551640987396, 0.15768134593963623, 0.153242290019989, 0.14801672101020813, 0.1470775306224823, 0.14709815382957458, 0.14942368865013123, 0.14807313680648804, 0.14926595985889435, 0.14837102591991425, 0.15166130661964417, 0.1504860371351242, 0.15220923721790314, 0.14959728717803955, 0.15052559971809387, 0.14417147636413574, 0.1475895494222641, 0.14746198058128357, 0.14643988013267517, 0.14691349864006042, 0.14461104571819305, 0.14577935636043549, 0.14848381280899048, 0.14749397337436676, 0.1444380283355713, 0.1440071016550064, 0.14403818547725677, 0.14279209077358246, 0.14438797533512115, 0.14681987464427948, 0.14411652088165283, 0.14222247898578644, 0.14268137514591217, 0.14387980103492737, 0.14242559671401978, 0.14149872958660126, 0.14207957684993744, 0.1425613909959793, 0.14213167130947113, 0.1414535641670227, 0.14348869025707245, 0.1397552788257599, 0.1402730643749237, 0.14118076860904694, 0.14068157970905304, 0.14223866164684296, 0.14273475110530853, 0.14189715683460236, 0.1407538801431656, 0.13888348639011383], "fir_Iir": [0.21014948189258575, 0.20380403101444244, 0.20195189118385315, 0.2009010910987854, 0.1991138905286789, 0.19963660836219788, 0.1987592577934265, 0.1984712779521942, 0.1977907121181488, 0.1982024610042572, 0.19816063344478607, 0.1985277682542801, 0.19842685759067535, 0.198817178606987, 0.19891300797462463, 0.19906355440616608, 0.1991199254989624, 0.199039027094841, 0.19944405555725098, 0.19873373210430145, 0.19875265657901764, 0.1988898366689682, 0.19870422780513763, 0.19894051551818848, 0.1985708773136139, 0.1992700695991516, 0.19902022182941437, 0.19902707636356354, 0.1988244503736496, 0.19906319677829742, 0.1993951052427292, 0.1987193524837494, 0.19882401823997498, 0.19928425550460815, 0.19899418950080872, 0.1989404857158661, 0.19909310340881348, 0.1989337056875229, 0.19920186698436737, 0.19911347329616547, 0.19884562492370605, 0.1989673376083374, 0.19885127246379852, 0.199311763048172, 0.19914411008358002, 0.19907940924167633, 0.19914932548999786, 0.19946421682834625, 0.19912530481815338, 0.1990242451429367], "frgb_Irgb": [0.06908980011940002, 0.0641903206706047, 0.07281281054019928, 0.0878973975777626, 0.08360151946544647, 0.08824020624160767, 0.0983966812491417, 0.08958115428686142, 0.0877637043595314, 0.0895840972661972, 0.10057154297828674, 0.0977783203125, 0.10089849680662155, 0.09993842989206314, 0.10728784650564194, 0.08768600225448608, 0.09497441351413727, 0.09941725432872772, 0.09226081520318985, 0.09477552771568298, 0.09002142399549484, 0.09005878865718842, 0.09318789839744568, 0.10315480083227158, 0.09831027686595917, 0.09292767941951752, 0.0897272378206253, 0.08749306946992874, 0.08960279077291489, 0.09976910799741745, 0.09861139208078384, 0.09299343079328537, 0.09036815166473389, 0.09238050132989883, 0.09375543147325516, 0.09269984811544418, 0.08912374824285507, 0.0957508385181427, 0.093001589179039, 0.09493066370487213, 0.0958266407251358, 0.0934920385479927, 0.08853834122419357, 0.08910543471574783, 0.08822356164455414, 0.09400416910648346, 0.09282480925321579, 0.09620457142591476, 0.09456773102283478, 0.09400781244039536], "fir_Irgb": [0.1185416579246521, 0.11241848766803741, 0.11062303930521011, 0.10967259109020233, 0.10913824290037155, 0.10879441350698471, 0.10772663354873657, 0.10742951929569244, 0.10661273449659348, 0.10519225895404816, 0.10332047194242477, 0.10228350758552551, 0.10078892856836319, 0.10021468997001648, 0.09954026341438293, 0.09916894882917404, 0.09861920028924942, 0.09750865399837494, 0.09709307551383972, 0.09676346927881241, 0.09600207209587097, 0.09571339190006256, 0.09526333957910538, 0.09462816268205643, 0.09385687112808228, 0.0935349240899086, 0.09301406890153885, 0.0929253101348877, 0.09233053773641586, 0.09209839999675751, 0.09180898219347, 0.09175503253936768, 0.09126783162355423, 0.09108369052410126, 0.09048201143741608, 0.09043066948652267, 0.09037132561206818, 0.09004127979278564, 0.0895361453294754, 0.0894954577088356, 0.08961870521306992, 0.08909420669078827, 0.08899088203907013, 0.08897393196821213, 0.08880594372749329, 0.08850355446338654, 0.08850701153278351, 0.08837954699993134, 0.08810999244451523, 0.08807422965765], "frgb_Iir": [0.16875551640987396, 0.15768134593963623, 0.153242290019989, 0.14801672101020813, 0.1470775306224823, 0.14709815382957458, 0.14942368865013123, 0.14807313680648804, 0.14926595985889435, 0.14837102591991425, 0.15166130661964417, 0.1504860371351242, 0.15220923721790314, 0.14959728717803955, 0.15052559971809387, 0.14417147636413574, 0.1475895494222641, 0.14746198058128357, 0.14643988013267517, 0.14691349864006042, 0.14461104571819305, 0.14577935636043549, 0.14848381280899048, 0.14749397337436676, 0.1444380283355713, 0.1440071016550064, 0.14403818547725677, 0.14279209077358246, 0.14438797533512115, 0.14681987464427948, 0.14411652088165283, 0.14222247898578644, 0.14268137514591217, 0.14387980103492737, 0.14242559671401978, 0.14149872958660126, 0.14207957684993744, 0.1425613909959793, 0.14213167130947113, 0.1414535641670227, 0.14348869025707245, 0.1397552788257599, 0.1402730643749237, 0.14118076860904694, 0.14068157970905304, 0.14223866164684296, 0.14273475110530853, 0.14189715683460236, 0.1407538801431656, 0.13888348639011383], "ir_Irgb": [0.20574292540550232, 0.20574624836444855, 0.20573002099990845, 0.20576238632202148, 0.2057499885559082, 0.20572733879089355, 0.20574185252189636, 0.20573696494102478, 0.2057521641254425, 0.20573323965072632, 0.2057320475578308, 0.2057371437549591, 0.20576269924640656, 0.2057391256093979, 0.20576052367687225, 0.2057461142539978, 0.20573753118515015, 0.20573092997074127, 0.2057524174451828, 0.20575881004333496, 0.20574122667312622, 0.20575010776519775, 0.2057413011789322, 0.20574915409088135, 0.20573122799396515, 0.20576302707195282, 0.20575377345085144, 0.20571905374526978, 0.2057494819164276, 0.20574846863746643, 0.20574043691158295, 0.20573782920837402, 0.20574091374874115, 0.20574018359184265, 0.20576311647891998, 0.20573744177818298, 0.20573736727237701, 0.20575761795043945, 0.2057509422302246, 0.20574899017810822, 0.20571979880332947, 0.20572449266910553, 0.20571555197238922, 0.20574671030044556, 0.20574435591697693, 0.20573358237743378, 0.2057517170906067, 0.20574310421943665, 0.20576152205467224, 0.20573139190673828], "total_loss": [0.3565972149372101, 0.33449408411979675, 0.3368802070617676, 0.34578773379325867, 0.34001654386520386, 0.3443325459957123, 0.3557458817958832, 0.3452824354171753, 0.3438403010368347, 0.3433457016944885, 0.3557516038417816, 0.3507465422153473, 0.3540952205657959, 0.34994935989379883, 0.35755273699760437, 0.33122560381889343, 0.34138238430023193, 0.3445870280265808, 0.33599334955215454, 0.3386513292789459, 0.33083340525627136, 0.3317505419254303, 0.33713388442993164, 0.3454760015010834, 0.3368038535118103, 0.330669105052948, 0.3269786536693573, 0.3234096169471741, 0.32652029395103455, 0.338886559009552, 0.3347364068031311, 0.3271697759628296, 0.32451629638671875, 0.3275434076786041, 0.3268621265888214, 0.32482829689979553, 0.321773886680603, 0.3285525441169739, 0.32486870884895325, 0.3260789215564728, 0.329133003950119, 0.32254061102867126, 0.31800127029418945, 0.31945958733558655, 0.317910373210907, 0.3249455690383911, 0.32426583766937256, 0.32668086886405945, 0.32363083958625793, 0.32116463780403137]},