{"model-name": "regressionBlock", "epochs": 30, "resumed_from": null, "train_size": 2180, "test_size": 934, "featureEmbeddingBackBone": null, "predicting_homography": false, "tag_name": "VEDAI-regressionBlock-ssim_pixel-l2_corners_loss-corners-2-30-57c63cfc7e384549bfabc5b9d2590838", "per_epoch_metrics": {"backbone_train_loss": {"fir_frgb": [0.15329425036907196, 0.15329410135746002, 0.1532876044511795, 0.15329135954380035, 0.15330219268798828, 0.15327532589435577, 0.15329597890377045, 0.15327326953411102, 0.15327902138233185, 0.15328896045684814, 0.15330597758293152, 0.15327876806259155, 0.15330827236175537, 0.15327109396457672, 0.15331138670444489, 0.1532743126153946, 0.15328925848007202, 0.15329721570014954, 0.15328383445739746, 0.1532946079969406, 0.15327423810958862, 0.15329299867153168, 0.15329554677009583, 0.15328413248062134, 0.15329280495643616, 0.15328747034072876, 0.1532941609621048, 0.1532689779996872, 0.15330374240875244, 0.153303325176239], "fir_Iir": [0.11220961064100266, 0.11220572888851166, 0.11220785975456238, 0.11220861971378326, 0.11220840364694595, 0.11221134662628174, 0.11220201849937439, 0.11220376938581467, 0.11220910400152206, 0.11221016198396683, 0.11220656335353851, 0.11220625787973404, 0.1122109591960907, 0.11220622807741165, 0.11220943927764893, 0.11220128834247589, 0.11220739781856537, 0.11220306903123856, 0.11219252645969391, 0.11220982670783997, 0.11219997704029083, 0.11220734566450119, 0.11220727115869522, 0.11220524460077286, 0.1122082844376564, 0.11219874769449234, 0.11220462620258331, 0.11220130324363708, 0.11220938712358475, 0.11221213638782501], "frgb_Irgb": [0.08131544291973114, 0.08131657540798187, 0.08131078630685806, 0.08131222426891327, 0.08131785690784454, 0.08131343126296997, 0.08131808787584305, 0.08130326867103577, 0.08130734413862228, 0.08130556344985962, 0.08132357150316238, 0.0813089907169342, 0.08132347464561462, 0.08130697906017303, 0.08132416009902954, 0.08129918575286865, 0.08131764084100723, 0.08132203668355942, 0.08131002634763718, 0.08131704479455948, 0.08131098747253418, 0.08131750673055649, 0.08131524175405502, 0.08130926638841629, 0.08132097125053406, 0.0813133493065834, 0.08131822943687439, 0.08130384236574173, 0.08132310211658478, 0.08131904155015945], "fir_Irgb": [0.24065445363521576, 0.24064546823501587, 0.24064011871814728, 0.2406463325023651, 0.24065104126930237, 0.24062970280647278, 0.24065159261226654, 0.24061612784862518, 0.24062402546405792, 0.24064014852046967, 0.2406597137451172, 0.24063031375408173, 0.240665003657341, 0.2406175583600998, 0.24067416787147522, 0.24062292277812958, 0.24064162373542786, 0.24065983295440674, 0.24065420031547546, 0.24065107107162476, 0.24063250422477722, 0.24064630270004272, 0.24064865708351135, 0.24064160883426666, 0.24065366387367249, 0.24065165221691132, 0.24065187573432922, 0.24062317609786987, 0.24066263437271118, 0.24066445231437683], "frgb_Iir": [0.15329425036907196, 0.15329410135746002, 0.1532876044511795, 0.15329135954380035, 0.15330219268798828, 0.15327532589435577, 0.15329597890377045, 0.15327326953411102, 0.15327902138233185, 0.15328896045684814, 0.15330597758293152, 0.15327876806259155, 0.15330827236175537, 0.15327109396457672, 0.15331138670444489, 0.1532743126153946, 0.15328925848007202, 0.15329721570014954, 0.15328383445739746, 0.1532946079969406, 0.15327423810958862, 0.15329299867153168, 0.15329554677009583, 0.15328413248062134, 0.15329280495643616, 0.15328747034072876, 0.1532941609621048, 0.1532689779996872, 0.15330374240875244, 0.153303325176239], "ir_Irgb": [0.30075883865356445, 0.30075785517692566, 0.30074116587638855, 0.3007492125034332, 0.300769180059433, 0.30073848366737366, 0.30076339840888977, 0.3007185459136963, 0.3007259964942932, 0.30074140429496765, 0.3007831871509552, 0.3007316291332245, 0.300784707069397, 0.300723671913147, 0.3007882237434387, 0.30071455240249634, 0.3007533550262451, 0.3007696568965912, 0.3007305860519409, 0.3007560968399048, 0.3007258176803589, 0.30075520277023315, 0.3007605969905853, 0.30073297023773193, 0.3007652759552002, 0.3007431626319885, 0.3007603883743286, 0.30071258544921875, 0.30078136920928955, 0.30076947808265686], "total_loss": [0.47537651658058167, 0.4753684997558594, 0.47535085678100586, 0.47536230087280273, 0.475383460521698, 0.47533082962036133, 0.47537803649902344, 0.4753050208091736, 0.4753226935863495, 0.47534701228141785, 0.4754016101360321, 0.4753303825855255, 0.4754090905189514, 0.47530797123908997, 0.47542208433151245, 0.4753088057041168, 0.4753609001636505, 0.4753914177417755, 0.4753603935241699, 0.47537505626678467, 0.47533002495765686, 0.4753691852092743, 0.4753718078136444, 0.4753473401069641, 0.4753798246383667, 0.4753648638725281, 0.4753766357898712, 0.475308358669281, 0.4754018187522888, 0.4753991961479187]}, "backbone_test_results": {"fir_frgb": [0.15292692184448242, 0.15294711291790009, 0.15291470289230347, 0.15291652083396912, 0.15298208594322205, 0.15293371677398682, 0.15295132994651794, 0.15290933847427368, 0.15294745564460754, 0.15291613340377808, 0.15296611189842224, 0.15292975306510925, 0.15293341875076294, 0.15291571617126465, 0.15299423038959503, 0.15295544266700745, 0.1529362052679062, 0.15295001864433289, 0.15291345119476318, 0.15297289192676544, 0.15291447937488556, 0.15289835631847382, 0.1529080867767334, 0.1529756635427475, 0.15295158326625824, 0.15292438864707947, 0.15293577313423157, 0.15292127430438995, 0.15294525027275085, 0.1529504358768463], "fir_Iir": [0.11214244365692139, 0.11214296519756317, 0.11214042454957962, 0.11212828755378723, 0.11215552687644958, 0.11216025799512863, 0.11213681846857071, 0.11214057356119156, 0.11213656514883041, 0.11213871836662292, 0.11214838176965714, 0.11215902864933014, 0.11213111132383347, 0.11214671283960342, 0.11215982586145401, 0.11214293539524078, 0.11213798075914383, 0.11214306205511093, 0.11214824765920639, 0.11215166002511978, 0.11214336007833481, 0.11215183883905411, 0.11213506758213043, 0.11214271187782288, 0.11215418577194214, 0.1121470034122467, 0.11213791370391846, 0.11214716732501984, 0.11216031014919281, 0.1121361032128334], "frgb_Irgb": [0.0813036784529686, 0.08132489025592804, 0.08130619674921036, 0.08131495118141174, 0.08133363723754883, 0.08131501823663712, 0.0813213437795639, 0.08129602670669556, 0.08130629360675812, 0.08130434900522232, 0.081333227455616, 0.08131879568099976, 0.08131605386734009, 0.08131196349859238, 0.08134495466947556, 0.08133148401975632, 0.08131666481494904, 0.08131951838731766, 0.08129647374153137, 0.08132593333721161, 0.08130212873220444, 0.0812951847910881, 0.08129492402076721, 0.08132781088352203, 0.0813087597489357, 0.0813170075416565, 0.08130741864442825, 0.08129192888736725, 0.08132266253232956, 0.08130951970815659], "fir_Irgb": [0.24067996442317963, 0.24070055782794952, 0.2406582087278366, 0.24069394171237946, 0.24074281752109528, 0.24069777131080627, 0.24070614576339722, 0.2406645268201828, 0.2406831830739975, 0.2406652867794037, 0.24073342978954315, 0.24069438874721527, 0.2407018095254898, 0.2406645566225052, 0.2407703697681427, 0.24072358012199402, 0.24068661034107208, 0.24072621762752533, 0.24065731465816498, 0.2407253086566925, 0.24067312479019165, 0.24064412713050842, 0.24066735804080963, 0.2407296746969223, 0.2407051920890808, 0.24068723618984222, 0.24067948758602142, 0.24065901339054108, 0.24070197343826294, 0.24070017039775848], "frgb_Iir": [0.15292692184448242, 0.15294711291790009, 0.15291470289230347, 0.15291652083396912, 0.15298208594322205, 0.15293371677398682, 0.15295132994651794, 0.15290933847427368, 0.15294745564460754, 0.15291613340377808, 0.15296611189842224, 0.15292975306510925, 0.15293341875076294, 0.15291571617126465, 0.15299423038959503, 0.15295544266700745, 0.1529362052679062, 0.15295001864433289, 0.15291345119476318, 0.15297289192676544, 0.15291447937488556, 0.15289835631847382, 0.1529080867767334, 0.1529756635427475, 0.15295158326625824, 0.15292438864707947, 0.15293577313423157, 0.15292127430438995, 0.15294525027275085, 0.1529504358768463],