{"model-name": "featureEmbeddingBackbone", "epochs": 30, "resumed_from": null, "train_size": 4361, "test_size": 1869, "tag_name": "VEDAI-featureEmbeddingBackbone-1-30-bdd2609db9724997afe7b510b274b14d", "per_epoch_metrics": {"train_loss": {"fir_frgb": [0.3357669413089752, 0.3316425681114197, 0.30914071202278137, 0.31812411546707153, 0.24475060403347015, 0.02755388617515564, 0.026011895388364792, 0.031490541994571686, 0.02890319749712944, 0.021450426429510117, 0.027173291891813278, 0.029869023710489273, 0.024791231378912926], "fir_Iir": [0.2192407250404358, 0.20065680146217346, 0.18249505758285522, 0.1903262436389923, 0.17663496732711792, 0.1902906894683838, 0.19233256578445435, 0.19014021754264832, 0.18026304244995117, 0.1832152158021927, 0.18674111366271973, 0.18636567890644073, 0.19169014692306519], "frgb_Irgb": [0.16941659152507782, 0.1566571593284607, 0.151870459318161, 0.16132672131061554, 0.13300634920597076, 0.02270757220685482, 0.018669283017516136, 0.017426708713173866, 0.016496123746037483, 0.01722167432308197, 0.01759505271911621, 0.017178896814584732, 0.017018290236592293], "fir_Irgb": [0.10271371901035309, 0.08568479120731354, 0.08264647424221039, 0.08531028032302856, 0.08861200511455536, 0.08989997208118439, 0.0949396938085556, 0.08533142507076263, 0.08655817806720734, 0.09075751900672913, 0.08365108072757721, 0.08068038523197174, 0.09411448240280151], "frgb_Iir": [0.3357669413089752, 0.3316425681114197, 0.30914071202278137, 0.31812411546707153, 0.24475060403347015, 0.02755388617515564, 0.026011895388364792, 0.031490541994571686, 0.02890319749712944, 0.021450426429510117, 0.027173291891813278, 0.029869023710489273, 0.024791231378912926], "ir_Irgb": [0.06505132466554642, 0.0764906033873558, 0.06727679073810577, 0.06350478529930115, 0.05502050742506981, 0.06049646437168121, 0.05912340432405472, 0.07078782469034195, 0.05678822845220566, 0.05403490364551544, 0.06603546440601349, 0.06641297042369843, 0.054964762181043625], "total_loss": [0.6081166863441467, 0.5741853713989258, 0.5438402891159058, 0.5649516582489014, 0.4665457606315613, 0.14035183191299438, 0.13981333374977112, 0.13443893194198608, 0.13213786482810974, 0.12961293756961823, 0.12860627472400665, 0.12791478633880615, 0.13611580431461334]}, "test_results": {"fir_frgb": [0.30912530422210693, 0.29027092456817627, 0.33307671546936035, 0.32017087936401367, 0.019676825031638145, 0.021328333765268326, 0.026525400578975677, 0.02639167569577694, 0.017404604703187943, 0.01856936141848564, 0.0249464213848114, 0.021671634167432785, 0.02727053314447403], "fir_Iir": [0.21130195260047913, 0.18783225119113922, 0.19662967324256897, 0.1815708577632904, 0.16485153138637543, 0.17743292450904846, 0.20496848225593567, 0.19543524086475372, 0.16594865918159485, 0.180314838886261, 0.18480519950389862, 0.186165913939476, 0.16491396725177765], "frgb_Irgb": [0.15352413058280945, 0.16213704645633698, 0.17010027170181274, 0.16410580277442932, 0.0329841673374176, 0.01685372367501259, 0.011039957404136658, 0.018958300352096558, 0.030088569968938828, 0.02805411070585251, 0.011860311031341553, 0.022791525349020958, 0.015352032147347927], "fir_Irgb": [0.08524620532989502, 0.08745473623275757, 0.08689837157726288, 0.08571319282054901, 0.09033697843551636, 0.07972826063632965, 0.10302001237869263, 0.08608778566122055, 0.08330870419740677, 0.08978375792503357, 0.08001024276018143, 0.08342789858579636, 0.09761688113212585], "frgb_Iir": [0.30912530422210693, 0.29027092456817627, 0.33307671546936035, 0.32017087936401367, 0.019676825031638145, 0.021328333765268326, 0.026525400578975677, 0.02639167569577694, 0.017404604703187943, 0.01856936141848564, 0.0249464213848114, 0.021671634167432785, 0.02727053314447403], "ir_Irgb": [0.06286407262086868, 0.05203153192996979, 0.06359067559242249, 0.06315246224403381, 0.0587906613945961, 0.05362731218338013, 0.045996345579624176, 0.06528182327747345, 0.057210542261600494, 0.06292571127414703, 0.053384244441986084, 0.06434820592403412, 0.06200419366359711], "total_loss": [0.5481071472167969, 0.5400506258010864, 0.5902721285820007, 0.570171594619751, 0.14316293597221375, 0.11808786541223526, 0.1407904326915741, 0.13163331151008606, 0.13096794486045837, 0.13658764958381653, 0.11700188368558884, 0.12807732820510864, 0.14040446281433105]}}, "training_time": "0.21 hours"}