{"model-name": "regressionBlock", "epochs": 30, "resumed_from": null, "train_size": 2180, "test_size": 934, "featureEmbeddingBackBone": null, "predicting_homography": true, "tag_name": "VEDAI-regressionBlock-mse_pixel-l2_homography_loss-homography-2-30-80dc8ff397f8494d90c49ea24d367cb8", "per_epoch_metrics": {"backbone_train_loss": {"fir_frgb": [0.017484741285443306, 0.01748647540807724, 0.017484566196799278, 0.017480626702308655, 0.017485301941633224, 0.017477037385106087, 0.017483597621321678, 0.017482150346040726, 0.017479434609413147, 0.017484301701188087, 0.017486747354269028, 0.017485331743955612, 0.017482256516814232, 0.017484519630670547, 0.017483757808804512, 0.01748594082891941, 0.01748649589717388, 0.01748703233897686, 0.017483379691839218, 0.017483195289969444, 0.01748129352927208, 0.0174835417419672, 0.01748344674706459, 0.017482683062553406, 0.0174859706312418, 0.017485924065113068, 0.017484216019511223, 0.01748621091246605, 0.01748313568532467, 0.01748736761510372], "fir_Iir": [0.04574643820524216, 0.045747727155685425, 0.04574264585971832, 0.0457439124584198, 0.0457487627863884, 0.045742183923721313, 0.045745912939310074, 0.0457444004714489, 0.04573826864361763, 0.04574761539697647, 0.04574958607554436, 0.04574793577194214, 0.04574348405003548, 0.04574476182460785, 0.045745499432086945, 0.04574344679713249, 0.045746948570013046, 0.0457424595952034, 0.045742977410554886, 0.045746687799692154, 0.045742832124233246, 0.04574248194694519, 0.04574156180024147, 0.045743197202682495, 0.045749712735414505, 0.0457465723156929, 0.045742642134428024, 0.04574252665042877, 0.04574413597583771, 0.04574552923440933], "frgb_Irgb": [0.014615816995501518, 0.014617346227169037, 0.014615720137953758, 0.01461116224527359, 0.014615473337471485, 0.01461254432797432, 0.01461482048034668, 0.014614063315093517, 0.014610528945922852, 0.014615206979215145, 0.014617051929235458, 0.01461494155228138, 0.014612882398068905, 0.01461599301546812, 0.014615438878536224, 0.014616244472563267, 0.014617710374295712, 0.014617952518165112, 0.01461375504732132, 0.01461404375731945, 0.014612562954425812, 0.014615360647439957, 0.014614487998187542, 0.01461554691195488, 0.014616350643336773, 0.014617462642490864, 0.01461583748459816, 0.014616354368627071, 0.014614935964345932, 0.014617931097745895], "fir_Irgb": [0.013014944270253181, 0.013016261160373688, 0.013012322597205639, 0.013011390343308449, 0.013015463948249817, 0.013010609894990921, 0.01301515195518732, 0.013014242053031921, 0.013012554496526718, 0.013013630174100399, 0.013015756383538246, 0.013015283271670341, 0.013012202456593513, 0.013015111908316612, 0.013015818782150745, 0.013015677221119404, 0.013015659525990486, 0.013009763322770596, 0.01301514357328415, 0.013014771975576878, 0.013013171032071114, 0.013016249053180218, 0.013015078380703926, 0.013014936819672585, 0.013016672804951668, 0.013014012947678566, 0.01301562413573265, 0.013013164512813091, 0.013014523312449455, 0.013012233190238476], "frgb_Iir": [0.017484741285443306, 0.01748647540807724, 0.017484566196799278, 0.017480626702308655, 0.017485301941633224, 0.017477037385106087, 0.017483597621321678, 0.017482150346040726, 0.017479434609413147, 0.017484301701188087, 0.017486747354269028, 0.017485331743955612, 0.017482256516814232, 0.017484519630670547, 0.017483757808804512, 0.01748594082891941, 0.01748649589717388, 0.01748703233897686, 0.017483379691839218, 0.017483195289969444, 0.01748129352927208, 0.0174835417419672, 0.01748344674706459, 0.017482683062553406, 0.0174859706312418, 0.017485924065113068, 0.017484216019511223, 0.01748621091246605, 0.01748313568532467, 0.01748736761510372], "ir_Irgb": [0.062162499874830246, 0.062168948352336884, 0.06216192618012428, 0.062144890427589417, 0.062163032591342926, 0.06214159354567528, 0.062158357352018356, 0.062154024839401245, 0.06214144825935364, 0.06216084212064743, 0.062168918550014496, 0.062162019312381744, 0.06215180456638336, 0.06216290593147278, 0.06215989589691162, 0.06216595694422722, 0.06217000260949135, 0.0621713325381279, 0.06215561181306839, 0.06215580925345421, 0.062149375677108765, 0.062159497290849686, 0.06215730682015419, 0.06215825304389, 0.06216622516512871, 0.06216835230588913, 0.062161676585674286, 0.06216640770435333, 0.06215766444802284, 0.06217186525464058], "total_loss": [0.04516135901212692, 0.04516593739390373, 0.04515846073627472, 0.04514903202652931, 0.04516209661960602, 0.04514604061841965, 0.04515942186117172, 0.04515630751848221, 0.04514836519956589, 0.0451589934527874, 0.04516541212797165, 0.0451614148914814, 0.045153193175792694, 0.04516147822141647, 0.045160867273807526, 0.04516371339559555, 0.04516571760177612, 0.045160599052906036, 0.045158129185438156, 0.045157864689826965, 0.045152876526117325, 0.04516100138425827, 0.04515886306762695, 0.04515901580452919, 0.04516485333442688, 0.04516325518488884, 0.04516152665019035, 0.04516157880425453, 0.045158445835113525, 0.045163385570049286]}, "backbone_test_results": {"fir_frgb": [0.017496006563305855, 0.017496280372142792, 0.017495304346084595, 0.01748880185186863, 0.017496678978204727, 0.017497194930911064, 0.017498403787612915, 0.017491895705461502, 0.017496608197689056, 0.017498109489679337, 0.017494577914476395, 0.0174940824508667, 0.01749955676496029, 0.017491301521658897, 0.01749570108950138, 0.017490137368440628, 0.01749648153781891, 0.017497651278972626, 0.017495671287178993, 0.017500892281532288, 0.01749470829963684, 0.017493586987257004, 0.017494793981313705, 0.01748557947576046, 0.017495742067694664, 0.017497239634394646, 0.01749395579099655, 0.017483007162809372, 0.01749623939394951, 0.017484130337834358], "fir_Iir": [0.045766789466142654, 0.045759860426187515, 0.04576399549841881, 0.045751601457595825, 0.0457657091319561, 0.04576396197080612, 0.04575994983315468, 0.045762743800878525, 0.04577074199914932, 0.04577292129397392, 0.045764997601509094, 0.04577130451798439, 0.0457758754491806, 0.04575954005122185, 0.04575918987393379, 0.045762330293655396, 0.04574916511774063, 0.045767683535814285, 0.04576179385185242, 0.045758869498968124, 0.045767366886138916, 0.045756746083498, 0.04576580598950386, 0.045761656016111374, 0.04576565697789192, 0.04576149582862854, 0.045763738453388214, 0.045760057866573334, 0.045761480927467346, 0.0457519106566906], "frgb_Irgb": [0.014640381559729576, 0.014642754569649696, 0.01463963184505701, 0.014632957987487316, 0.014641283079981804, 0.014642231166362762, 0.014642992056906223, 0.014641371555626392, 0.014640838839113712, 0.014643018133938313, 0.014638743363320827, 0.014639419503509998, 0.014643942937254906, 0.014637908898293972, 0.01464119739830494, 0.014636791311204433, 0.01464252732694149, 0.01464049145579338, 0.014641357585787773, 0.014645116403698921, 0.01464138738811016, 0.014636488631367683, 0.0146409897133708, 0.014630940742790699, 0.014638491906225681, 0.014640914276242256, 0.014638097956776619, 0.014628145843744278, 0.014640306122601032, 0.0146329989656806], "fir_Irgb": [0.01312615443021059, 0.013115769252181053, 0.013123884797096252, 0.013113388791680336, 0.013123465701937675, 0.013121262192726135, 0.013120803982019424, 0.013121355324983597, 0.013121295720338821, 0.01312288735061884, 0.01312076486647129, 0.013120697811245918, 0.013122938573360443, 0.013123830780386925, 0.01312361191958189, 0.013121118769049644, 0.013117341324687004, 0.013120087794959545, 0.013121633790433407, 0.013111051172018051, 0.013122846372425556, 0.01312477421015501, 0.013121861964464188, 0.013116397894918919, 0.013124953955411911, 0.01311816181987524, 0.013123388402163982, 0.013111451640725136, 0.013124329969286919, 0.01311484258621931],