{
  "model-name": "featureEmbeddingBackbone",
  "epochs": 10,
  "resumed_from": null,
  "train_size": 4361,
  "test_size": 1869,
  "tag_name": "VEDAI-featureEmbeddingBackbone-1-10-e5db81738fea46239d8dd4cd5a0724fa",
  "per_epoch_metrics": {
    "train_loss": {
      "fir_frgb": [
        0.023954657837748528,
        0.020845338702201843,
        0.019943177700042725
      ],
      "fir_Iir": [
        0.05037602037191391,
        0.04780277609825134,
        0.04731585085391998
      ],
      "frgb_Irgb": [
        0.015556734055280685,
        0.015106169506907463,
        0.015024681575596333
      ],
      "fir_Irgb": [
        0.021418452262878418,
        0.019507816061377525,
        0.018719185143709183
      ],
      "frgb_Iir": [
        0.023954657837748528,
        0.020845338702201843,
        0.019943177700042725
      ],
      "ir_Irgb": [
        0.0621609129011631,
        0.0621609129011631,
        0.0621609129011631
      ],
      "total_loss": [
        0.06098031997680664,
        0.05550723895430565,
        0.053734470158815384
      ]
    },
    "test_results": {
      "fir_frgb": [
        0.0263220202177763,
        0.019253814592957497,
        0.02364141121506691
      ],
      "fir_Iir": [
        0.06767793744802475,
        0.06100575998425484,
        0.041473787277936935
      ],
      "frgb_Irgb": [
        0.010766133666038513,
        0.015161974355578423,
        0.012683997862040997
      ],
      "fir_Irgb": [
        0.02077982947230339,
        0.01932591199874878,
        0.01798602193593979
      ],
      "frgb_Iir": [
        0.0263220202177763,
        0.019253814592957497,
        0.02364141121506691
      ],
      "ir_Irgb": [
        0.06220059096813202,
        0.06220059469342232,
        0.06220058724284172
      ],
      "total_loss": [
        0.057935770601034164,
        0.053802818059921265,
        0.0543530136346817
      ]
    }
  },
  "training_time": "2.75 hours"
}