{"model-name": "featureEmbeddingBackbone", "epochs": 50, "loss_function": "sse_pixel", "resumed_from": null, "train_size": 1090, "test_size": 467, "tag_name": "VEDAI-sse_pixel-featureEmbeddingBackbone-1-50-99d94c71e6764236ba799333be454d12", "per_epoch_metrics": {"train_loss": {"fir_frgb": [18344.076171875, 14564.44921875, 15745.7744140625, 14984.173828125, 14376.5830078125, 15622.458984375, 15231.2939453125, 14327.763671875, 12946.6162109375, 11946.763671875, 11315.88671875, 12612.859375, 13439.5146484375, 13897.7802734375, 13664.333984375, 12102.4755859375, 11251.9169921875, 11565.0400390625, 9935.2265625, 11420.9794921875, 11017.78515625, 10076.6357421875, 9851.7822265625, 9746.1435546875, 9919.419921875, 9238.8134765625, 9275.4599609375, 10215.888671875, 11799.5029296875, 9498.4052734375, 9952.14453125, 8991.533203125, 8844.0751953125, 8685.0380859375, 8711.8603515625, 9076.662109375, 8930.9375, 8808.072265625, 8779.9619140625, 8869.3486328125, 8652.3388671875, 8691.162109375, 8726.4990234375, 9145.9248046875, 9070.85546875, 8920.2060546875, 8683.4853515625, 8373.9033203125, 8665.3759765625, 8514.26171875], "fir_Iir": [26438.763671875, 24311.62109375, 23424.142578125, 24540.6015625, 22396.90625, 21489.6484375, 22884.830078125, 21951.58984375, 22640.24609375, 23030.54296875, 21809.0625, 22140.333984375, 21310.962890625, 21651.91015625, 20750.767578125, 21349.22265625, 22403.923828125, 21181.3125, 21193.658203125, 21751.970703125, 23440.06640625, 21050.736328125, 20612.091796875, 21654.513671875, 19613.38671875, 19954.134765625, 19464.142578125, 19650.01953125, 19687.431640625, 19981.599609375, 19636.763671875, 19719.99609375, 19866.865234375, 19709.86328125, 19241.6171875, 19449.033203125, 19731.345703125, 19830.205078125, 19870.517578125, 19554.4296875, 19122.97265625, 19074.341796875, 19226.953125, 19301.052734375, 19207.111328125, 18972.78515625, 19071.26171875, 19050.154296875, 19201.8828125, 19299.2578125], "frgb_Irgb": [13464.20703125, 12049.734375, 12956.3046875, 12491.7197265625, 11690.5908203125, 12985.345703125, 12275.3701171875, 11220.0859375, 10377.3720703125, 9833.75, 8836.5087890625, 10596.6328125, 11043.8046875, 11196.5595703125, 11534.521484375, 9890.4716796875, 9212.318359375, 9290.7392578125, 7697.4404296875, 9411.908203125, 9217.154296875, 7706.544921875, 7495.724609375, 7904.93408203125, 8158.1533203125, 7243.3623046875, 7270.2578125, 8061.48974609375, 9388.064453125, 8071.0458984375, 7720.771484375, 7334.83447265625, 7006.6083984375, 6834.97265625, 6949.75048828125, 7177.02783203125, 6837.71142578125, 6838.1220703125, 6713.4970703125, 7008.1650390625, 6991.451171875, 6882.83203125, 7028.10107421875, 7067.67138671875, 7381.8515625, 7361.318359375, 6900.10205078125, 6694.3974609375, 6513.97900390625, 6729.7958984375], "fir_Irgb": [16006.662109375, 14151.470703125, 13158.431640625, 14201.482421875, 12682.4375, 10777.025390625, 12380.849609375, 11627.66015625, 12775.9140625, 12531.2861328125, 11154.4189453125, 12659.5693359375, 10693.0732421875, 10989.001953125, 10682.54296875, 10631.8642578125, 11503.533203125, 11270.9482421875, 10829.173828125, 11207.947265625, 13234.09375, 10784.46484375, 9942.0654296875, 10664.6787109375, 9633.3193359375, 9123.5380859375, 8676.9736328125, 8780.2109375, 9020.2958984375, 9109.9189453125, 8827.4521484375, 9095.8095703125, 8996.822265625, 9014.2900390625, 8518.138671875, 8757.185546875, 9035.9541015625, 8739.7431640625, 8901.474609375, 8596.9892578125, 8185.5341796875, 8066.017578125, 8180.67138671875, 8060.4736328125, 8153.39794921875, 7866.76123046875, 7904.4970703125, 8024.62548828125, 7959.3466796875, 8003.2744140625], "frgb_Iir": [18344.076171875, 14564.44921875, 15745.7744140625, 14984.173828125, 14376.5830078125, 15622.458984375, 15231.2939453125, 14327.763671875, 12946.6162109375, 11946.763671875, 11315.88671875, 12612.859375, 13439.5146484375, 13897.7802734375, 13664.333984375, 12102.4755859375, 11251.9169921875, 11565.0400390625, 9935.2265625, 11420.9794921875, 11017.78515625, 10076.6357421875, 9851.7822265625, 9746.1435546875, 9919.419921875, 9238.8134765625, 9275.4599609375, 10215.888671875, 11799.5029296875, 9498.4052734375, 9952.14453125, 8991.533203125, 8844.0751953125, 8685.0380859375, 8711.8603515625, 9076.662109375, 8930.9375, 8808.072265625, 8779.9619140625, 8869.3486328125, 8652.3388671875, 8691.162109375, 8726.4990234375, 9145.9248046875, 9070.85546875, 8920.2060546875, 8683.4853515625, 8373.9033203125, 8665.3759765625, 8514.26171875], "ir_Irgb": [24446.033203125, 24441.30078125, 24444.955078125, 24444.30859375, 24443.287109375, 24443.88671875, 24439.984375, 24444.7890625, 24443.43359375, 24442.884765625, 24443.6484375, 24445.685546875, 24442.53515625, 24445.9609375, 24445.37109375, 24442.681640625, 24440.55859375, 24441.552734375, 24443.103515625, 24442.998046875, 24441.8203125, 24437.46875, 24441.939453125, 24439.923828125, 24442.744140625, 24443.50390625, 24441.3125, 24445.0625, 24446.13671875, 24440.47265625, 24445.23046875, 24444.580078125, 24440.13671875, 24441.05859375, 24438.017578125, 24444.3046875, 24444.62109375, 24444.150390625, 24444.591796875, 24443.04296875, 24444.900390625, 24437.978515625, 24440.533203125, 24440.73828125, 24447.15234375, 24438.83203125, 24445.41015625, 24440.86328125, 24437.845703125, 24442.9140625], "total_loss": [47841.38671875, 40789.96875, 41883.9375, 41701.9140625, 38772.01171875, 39406.32421875, 39910.3984375, 37197.46875, 36122.546875, 34334.83203125, 31328.626953125, 35891.20703125, 35197.70703125, 36105.0, 35902.15234375, 32646.166015625, 31990.17578125, 32147.912109375, 28483.0390625, 32062.591796875, 33492.4765625, 28588.69921875, 27310.1875, 28337.416015625, 27730.509765625, 25625.673828125, 25242.158203125, 27077.244140625, 30227.5546875, 26699.35546875, 26520.0078125, 25441.900390625, 24867.375, 24554.013671875, 24198.994140625, 25030.328125, 24824.337890625, 24405.7734375, 24414.8046875, 24494.05859375, 23848.447265625, 23659.08984375, 23954.501953125, 24293.373046875, 24625.314453125, 24167.26171875, 23507.16015625, 23111.98046875, 23157.90625, 23266.6328125]}, "test_results": {"fir_frgb": [15341.7763671875, 7358.06640625, 9552.56640625, 14151.451171875, 6668.91845703125, 45485.9921875, 24840.689453125, 11741.7861328125, 17947.2421875, 12419.673828125, 6244.58740234375, 14277.0322265625, 12427.353515625, 5494.38134765625, 31313.072265625, 6008.36669921875, 6292.19287109375, 3798.193603515625, 5634.67578125, 11717.693359375, 4602.07275390625, 4407.5751953125, 5837.654296875, 10812.4814453125, 6225.94384765625, 4087.58837890625, 6314.82421875, 6517.21630859375, 11461.93359375, 5910.47216796875, 6427.20654296875, 6555.43359375, 8684.669921875, 8080.19580078125, 7681.7666015625, 4542.56787109375, 11555.654296875, 5499.0, 7442.3662109375, 4915.4208984375, 16790.66015625, 4924.53271484375, 32379.083984375, 10815.734375, 10013.4345703125, 7634.04638671875, 5272.19482421875, 9958.6298828125, 5413.40576171875, 4903.37451171875], "fir_Iir": [29554.283203125, 19177.2421875, 22186.248046875, 2764.240478515625, 2580.72314453125, 4608.8994140625, 7090.25048828125, 4690.79541015625, 39249.5, 5356.5244140625, 35808.82421875, 43817.4296875, 8357.4130859375, 3356.185791015625, 36918.73046875, 12779.19921875, 20736.509765625, 53842.69140625, 18261.974609375, 63865.09375, 29941.646484375, 29518.8515625, 5628.23876953125, 21913.734375, 20999.7734375, 27018.8125, 13172.8046875, 28886.08203125, 26308.146484375, 36819.16796875, 23399.42578125, 16042.546875, 4851.9921875, 9720.568359375, 19528.46484375, 10859.3359375, 14768.5712890625, 27537.880859375, 39189.328125, 20654.109375, 20729.5390625, 11721.5458984375, 18118.6640625, 19164.451171875, 20714.09765625, 19569.349609375, 12362.412109375, 16753.21484375, 14739.0859375, 19271.328125],