{"model-name": "featureEmbeddingBackbone", "epochs": 30, "resumed_from": null, "train_size": 4361, "test_size": 1869, "tag_name": "VEDAI-featureEmbeddingBackbone-1-30-bdd2609db9724997afe7b510b274b14d", "per_epoch_metrics": {"train_loss": {"fir_frgb": [0.3357669413089752, 0.3316425681114197, 0.30914071202278137, 0.31812411546707153], "fir_Iir": [0.2192407250404358, 0.20065680146217346, 0.18249505758285522, 0.1903262436389923], "frgb_Irgb": [0.16941659152507782, 0.1566571593284607, 0.151870459318161, 0.16132672131061554], "fir_Irgb": [0.10271371901035309, 0.08568479120731354, 0.08264647424221039, 0.08531028032302856], "frgb_Iir": [0.3357669413089752, 0.3316425681114197, 0.30914071202278137, 0.31812411546707153], "ir_Irgb": [0.06505132466554642, 0.0764906033873558, 0.06727679073810577, 0.06350478529930115], "total_loss": [0.6081166863441467, 0.5741853713989258, 0.5438402891159058, 0.5649516582489014]}, "test_results": {"fir_frgb": [0.30912530422210693, 0.29027092456817627, 0.33307671546936035, 0.32017087936401367], "fir_Iir": [0.21130195260047913, 0.18783225119113922, 0.19662967324256897, 0.1815708577632904], "frgb_Irgb": [0.15352413058280945, 0.16213704645633698, 0.17010027170181274, 0.16410580277442932], "fir_Irgb": [0.08524620532989502, 0.08745473623275757, 0.08689837157726288, 0.08571319282054901], "frgb_Iir": [0.30912530422210693, 0.29027092456817627, 0.33307671546936035, 0.32017087936401367], "ir_Irgb": [0.06286407262086868, 0.05203153192996979, 0.06359067559242249, 0.06315246224403381], "total_loss": [0.5481071472167969, 0.5400506258010864, 0.5902721285820007, 0.570171594619751]}}, "training_time": "0.07 hours"}