{"model-name": "regressionBlock", "epochs": 50, "resumed_from": null, "train_size": 3462, "test_size": 998, "featureEmbeddingBackBone": null, "predicting_homography": true, "tag_name": "SkyData-regressionBlock-sse_pixel-l2_homography_loss-homography-2-50-c10f120e9f6f4ce69ae36d5128f9bba7", "per_epoch_metrics": {"backbone_train_loss": {"fir_frgb": [27955.4609375, 27955.095703125, 27955.2578125, 27955.517578125, 27955.00390625, 27955.80078125, 27955.83984375, 27955.169921875, 27955.232421875, 27955.091796875, 27955.556640625, 27955.5234375, 27955.9609375, 27955.798828125, 27955.61328125, 27955.6640625, 27955.0, 27955.4296875, 27956.029296875, 27955.9921875, 27955.98828125, 27955.669921875, 27955.466796875, 27955.5625, 27955.9921875, 27955.5078125, 27955.60546875, 27955.31640625, 27955.068359375, 27955.6796875, 27955.74609375, 27955.4453125, 27955.5, 27955.45703125, 27955.93359375, 27955.5234375, 27955.498046875, 27954.84375, 27955.416015625, 27955.154296875, 27955.818359375, 27955.521484375], "fir_Iir": [62487.0, 62486.9609375, 62486.55859375, 62487.69140625, 62486.65234375, 62488.0703125, 62487.2890625, 62486.671875, 62486.84765625, 62486.4296875, 62487.109375, 62486.83203125, 62487.80859375, 62487.16796875, 62487.2734375, 62487.453125, 62486.9140625, 62486.8046875, 62487.4140625, 62487.83984375, 62487.7890625, 62487.22265625, 62487.2109375, 62487.1640625, 62488.1796875, 62487.28515625, 62487.44921875, 62487.19921875, 62486.8203125, 62487.375, 62487.52734375, 62486.921875, 62486.9921875, 62487.15234375, 62488.015625, 62487.52734375, 62487.03125, 62486.85546875, 62487.41015625, 62486.8359375, 62487.1875, 62487.2578125], "frgb_Irgb": [14438.7568359375, 14438.611328125, 14438.9248046875, 14438.7470703125, 14438.701171875, 14438.9345703125, 14438.8310546875, 14438.59765625, 14438.67578125, 14438.7109375, 14438.76171875, 14438.83203125, 14438.9580078125, 14438.8701171875, 14438.736328125, 14438.875, 14438.763671875, 14438.8720703125, 14438.890625, 14438.9326171875, 14438.8642578125, 14438.9775390625, 14438.76171875, 14438.8681640625, 14438.9970703125, 14439.0146484375, 14438.8583984375, 14438.80078125, 14438.53125, 14438.9208984375, 14438.900390625, 14438.916015625, 14438.7822265625, 14438.8916015625, 14438.9384765625, 14438.8857421875, 14438.814453125, 14438.5498046875, 14438.787109375, 14438.6875, 14438.8427734375, 14438.890625], "fir_Irgb": [6887.58251953125, 6887.3564453125, 6887.8359375, 6887.396484375, 6887.4501953125, 6887.55517578125, 6887.51953125, 6887.4609375, 6887.45458984375, 6887.51611328125, 6887.60205078125, 6887.708984375, 6887.6455078125, 6887.75341796875, 6887.54833984375, 6887.68798828125, 6887.38720703125, 6887.6552734375, 6887.8037109375, 6887.69775390625, 6887.521484375, 6887.7001953125, 6887.4453125, 6887.6279296875, 6887.62744140625, 6887.791015625, 6887.68359375, 6887.5009765625, 6887.18603515625, 6887.7705078125, 6887.640625, 6887.79296875, 6887.60595703125, 6887.58251953125, 6887.51025390625, 6887.595703125, 6887.75390625, 6887.25146484375, 6887.42333984375, 6887.46142578125, 6887.59375, 6887.74462890625], "frgb_Iir": [27955.4609375, 27955.095703125, 27955.2578125, 27955.517578125, 27955.00390625, 27955.80078125, 27955.83984375, 27955.169921875, 27955.232421875, 27955.091796875, 27955.556640625, 27955.5234375, 27955.9609375, 27955.798828125, 27955.61328125, 27955.6640625, 27955.0, 27955.4296875, 27956.029296875, 27955.9921875, 27955.98828125, 27955.669921875, 27955.466796875, 27955.5625, 27955.9921875, 27955.5078125, 27955.60546875, 27955.31640625, 27955.068359375, 27955.6796875, 27955.74609375, 27955.4453125, 27955.5, 27955.45703125, 27955.93359375, 27955.5234375, 27955.498046875, 27954.84375, 27955.416015625, 27955.154296875, 27955.818359375, 27955.521484375], "ir_Irgb": [69296.1875, 69295.828125, 69296.1640625, 69296.703125, 69295.3984375, 69297.3125, 69296.765625, 69295.5859375, 69296.046875, 69295.390625, 69296.5625, 69296.3125, 69297.296875, 69296.7734375, 69296.3125, 69296.953125, 69296.0859375, 69296.265625, 69297.1015625, 69297.4140625, 69297.1875, 69296.7734375, 69296.015625, 69296.5078125, 69297.578125, 69296.75, 69296.7109375, 69296.234375, 69295.1875, 69297.0234375, 69296.96875, 69296.3828125, 69296.359375, 69296.5859375, 69297.3671875, 69296.6015625, 69296.59375, 69295.15625, 69296.3125, 69295.7578125, 69296.75, 69296.59375], "total_loss": [49344.296875, 49343.5625, 49344.51953125, 49344.15625, 49343.65234375, 49344.78515625, 49344.68359375, 49343.72265625, 49343.86328125, 49343.81640625, 49344.4140625, 49344.55859375, 49345.0625, 49344.9140625, 49344.3984375, 49344.72265625, 49343.6484375, 49344.453125, 49345.2265625, 49345.125, 49344.8671875, 49344.84765625, 49344.171875, 49344.5546875, 49345.1171875, 49344.8125, 49344.6484375, 49344.1171875, 49343.28515625, 49344.8671875, 49344.78125, 49344.6484375, 49344.38671875, 49344.43359375, 49344.87890625, 49344.50390625, 49344.5625, 49343.140625, 49344.12109375, 49343.80078125, 49344.75, 49344.65625]}, "backbone_test_results": {"fir_frgb": [28142.111328125, 28144.76953125, 28144.998046875, 28145.05078125, 28142.91015625, 28143.892578125, 28144.640625, 28142.392578125, 28144.296875, 28142.453125, 28143.849609375, 28143.6875, 28144.658203125, 28142.58203125, 28144.505859375, 28143.119140625, 28143.099609375, 28144.775390625, 28144.625, 28145.138671875, 28143.9765625, 28143.287109375, 28144.244140625, 28145.072265625, 28145.3984375, 28144.240234375, 28142.419921875, 28145.24609375, 28143.66015625, 28145.314453125, 28143.51953125, 28143.87890625, 28140.080078125, 28144.37109375, 28144.466796875, 28142.033203125, 28144.091796875, 28143.591796875, 28145.154296875, 28143.001953125, 28146.17578125, 28146.13671875], "fir_Iir": [62192.7421875, 62194.140625, 62193.36328125, 62193.0625, 62192.44921875, 62194.4375, 62193.16015625, 62192.171875, 62196.578125, 62192.1640625, 62193.1328125, 62192.765625, 62196.1640625, 62192.20703125, 62197.33984375, 62192.15625, 62192.38671875, 62193.47265625, 62195.20703125, 62195.55078125, 62193.8671875, 62193.1875, 62194.70703125, 62195.1484375, 62193.859375, 62193.8203125, 62191.015625, 62194.828125, 62194.0625, 62196.0859375, 62191.3828125, 62193.0859375, 62190.5546875, 62193.3359375, 62194.03125, 62192.7421875, 62195.72265625, 62192.55078125, 62194.31640625, 62190.81640625, 62194.26171875, 62196.859375], "frgb_Irgb": [14316.248046875, 14317.5810546875, 14317.2841796875, 14316.9560546875, 14316.5107421875, 14316.921875, 14317.44140625, 14316.673828125, 14317.3056640625, 14316.5361328125, 14317.0986328125, 14317.005859375, 14317.4755859375, 14316.7255859375, 14317.3896484375, 14317.03125, 14316.8681640625, 14316.869140625, 14316.8017578125, 14317.2197265625, 14316.9560546875, 14316.4892578125, 14316.9736328125, 14317.1337890625, 14316.984375, 14317.5087890625, 14316.2255859375, 14317.1298828125, 14316.5625, 14317.421875, 14317.0146484375, 14316.525390625, 14316.0615234375, 14316.8251953125, 14316.396484375, 14316.6376953125, 14317.37109375, 14316.9736328125, 14317.5771484375, 14315.623046875, 14317.1865234375, 14317.421875], "fir_Irgb": [6966.13427734375, 6967.82421875, 6967.5302734375, 6967.5810546875, 6966.90869140625, 6966.662109375, 6967.67333984375, 6966.53857421875, 6966.326171875, 6966.880859375, 6967.36572265625, 6967.1650390625, 6966.80322265625, 6966.51904296875, 6966.5048828125, 6967.40966796875, 6967.08837890625, 6967.001953125, 6966.71728515625, 6966.74755859375, 6966.6982421875, 6966.7646484375, 6966.49853515625, 6966.57763671875, 6967.650390625, 6967.15966796875, 6966.9638671875, 6966.41796875, 6966.23486328125, 6967.21240234375, 6967.68408203125, 6966.9208984375, 6965.19091796875, 6967.17431640625, 6966.173828125, 6965.716796875, 6965.9658203125, 6966.86572265625, 6967.58837890625, 6966.431640625, 6967.890625, 6966.9912109375],