{"model-name": "regressionBlock", "epochs": 30, "resumed_from": null, "train_size": 3462, "test_size": 998, "featureEmbeddingBackBone": null, "predicting_homography": true, "tag_name": "SkyData-regressionBlock-sse_pixel-l2_homography_loss-homography-2-30-3be7fc960c9a4a0bb4ee8922306a0c83", "per_epoch_metrics": {"backbone_train_loss": {"fir_frgb": [27955.890625, 27955.5703125, 27955.76171875, 27955.529296875, 27955.66015625, 27955.38671875, 27955.7578125, 27955.822265625, 27955.669921875, 27955.138671875, 27955.28515625, 27955.71484375, 27955.62890625, 27955.693359375, 27955.447265625, 27954.771484375, 27955.568359375, 27955.62890625, 27954.80078125, 27955.751953125, 27955.724609375, 27955.859375, 27955.60546875, 27955.6640625, 27955.189453125, 27955.078125, 27955.73046875, 27955.787109375, 27955.4375, 27956.103515625], "fir_Iir": [62487.62109375, 62486.9453125, 62487.51953125, 62487.08203125, 62487.54296875, 62486.93359375, 62487.4921875, 62487.6875, 62487.76953125, 62486.6015625, 62486.97265625, 62487.71875, 62487.49609375, 62487.77734375, 62487.44921875, 62486.49609375, 62487.55078125, 62487.29296875, 62486.73046875, 62487.50390625, 62487.18359375, 62487.6640625, 62487.49609375, 62487.5, 62486.9609375, 62487.2265625, 62487.08203125, 62487.09375, 62487.03515625, 62488.41015625], "frgb_Irgb": [14438.9150390625, 14438.8095703125, 14438.908203125, 14438.865234375, 14439.015625, 14438.9111328125, 14438.875, 14438.80078125, 14439.017578125, 14438.80859375, 14438.849609375, 14438.94140625, 14438.875, 14438.9853515625, 14438.7294921875, 14438.6513671875, 14438.8427734375, 14438.7685546875, 14438.7451171875, 14439.0029296875, 14438.9453125, 14438.9228515625, 14439.0859375, 14438.978515625, 14438.7705078125, 14438.642578125, 14438.8818359375, 14438.9248046875, 14438.833984375, 14438.890625], "fir_Irgb": [6887.77099609375, 6887.751953125, 6887.62451171875, 6887.6962890625, 6887.74462890625, 6887.763671875, 6887.68701171875, 6887.46923828125, 6887.45458984375, 6887.55078125, 6887.65869140625, 6887.58544921875, 6887.58056640625, 6887.57666015625, 6887.36474609375, 6887.3994140625, 6887.49169921875, 6887.517578125, 6887.39208984375, 6887.75048828125, 6887.6884765625, 6887.6298828125, 6887.58740234375, 6887.75732421875, 6887.43798828125, 6887.4072265625, 6887.685546875, 6887.81494140625, 6887.68212890625, 6887.416015625], "frgb_Iir": [27955.890625, 27955.5703125, 27955.76171875, 27955.529296875, 27955.66015625, 27955.38671875, 27955.7578125, 27955.822265625, 27955.669921875, 27955.138671875, 27955.28515625, 27955.71484375, 27955.62890625, 27955.693359375, 27955.447265625, 27954.771484375, 27955.568359375, 27955.62890625, 27954.80078125, 27955.751953125, 27955.724609375, 27955.859375, 27955.60546875, 27955.6640625, 27955.189453125, 27955.078125, 27955.73046875, 27955.787109375, 27955.4375, 27956.103515625], "ir_Irgb": [69297.109375, 69296.40625, 69296.8984375, 69296.34375, 69297.0859375, 69296.3828125, 69296.8203125, 69297.2265625, 69297.0078125, 69295.8671875, 69296.421875, 69297.15625, 69297.0234375, 69297.0, 69296.203125, 69295.1328125, 69296.7734375, 69296.4921875, 69295.359375, 69297.0234375, 69297.015625, 69297.1171875, 69297.078125, 69296.96875, 69295.9375, 69295.8671875, 69296.671875, 69296.8125, 69296.3515625, 69297.6796875], "total_loss": [49345.0703125, 49344.62890625, 49344.79296875, 49344.5859375, 49344.9140625, 49344.55859375, 49344.8125, 49344.58984375, 49344.640625, 49343.9921875, 49344.29296875, 49344.73828125, 49344.58203125, 49344.75, 49344.03515625, 49343.31640625, 49344.3984375, 49344.41015625, 49343.4375, 49345.00390625, 49344.85546875, 49344.90625, 49344.77734375, 49344.8984375, 49343.89453125, 49343.625, 49344.79296875, 49345.01953125, 49344.44921875, 49344.90625]}, "backbone_test_results": {"fir_frgb": [28143.26171875, 28143.794921875, 28143.166015625, 28143.623046875, 28143.96484375, 28146.453125, 28144.798828125, 28144.404296875, 28141.525390625, 28143.15625, 28144.765625, 28145.259765625, 28145.806640625, 28142.27734375, 28144.595703125, 28142.98828125, 28143.7109375, 28143.7890625, 28142.736328125, 28145.09375, 28146.720703125, 28146.36328125, 28144.107421875, 28143.92578125, 28144.3046875, 28145.353515625, 28143.962890625, 28144.30859375, 28141.83203125, 28142.251953125], "fir_Iir": [62193.265625, 62193.40234375, 62191.80078125, 62193.73828125, 62195.30078125, 62198.98046875, 62192.625, 62193.3828125, 62191.91015625, 62192.90625, 62193.56640625, 62194.62890625, 62195.63671875, 62192.25, 62194.6796875, 62192.953125, 62193.39453125, 62192.77734375, 62192.796875, 62196.609375, 62196.03125, 62197.83203125, 62192.65625, 62192.1796875, 62193.484375, 62193.515625, 62192.42578125, 62196.609375, 62192.37109375, 62191.625], "frgb_Irgb": [14316.3486328125, 14316.541015625, 14317.244140625, 14316.83984375, 14317.4169921875, 14318.123046875, 14316.83984375, 14316.7861328125, 14316.3134765625, 14316.30859375, 14316.62890625, 14317.4072265625, 14317.9794921875, 14316.228515625, 14316.37890625, 14315.998046875, 14317.412109375, 14316.5361328125, 14316.0556640625, 14317.6640625, 14317.5927734375, 14317.697265625, 14316.373046875, 14316.8662109375, 14317.2353515625, 14316.9931640625, 14315.990234375, 14317.41015625, 14316.4658203125, 14315.921875], "fir_Irgb": [6965.61083984375, 6966.95166015625, 6967.84814453125, 6966.3466796875, 6966.98583984375, 6967.67431640625, 6967.34765625, 6966.4765625, 6966.025390625, 6966.19091796875, 6967.34814453125, 6967.78857421875, 6968.0712890625, 6966.1513671875, 6966.697265625, 6966.333984375, 6967.47216796875, 6966.55615234375, 6966.52099609375, 6966.50146484375, 6967.982421875, 6967.65478515625, 6966.8515625, 6967.423828125, 6966.994140625, 6967.31884765625, 6966.54150390625, 6966.6611328125, 6966.1630859375, 6965.69873046875], "frgb_Iir": [28143.26171875, 28143.794921875, 28143.166015625, 28143.623046875, 28143.96484375, 28146.453125, 28144.798828125, 28144.404296875, 28141.525390625, 28143.15625, 28144.765625, 28145.259765625, 28145.806640625, 28142.27734375, 28144.595703125, 28142.98828125, 28143.7109375, 28143.7890625, 28142.736328125, 28145.09375, 28146.720703125, 28146.36328125, 28144.107421875, 28143.92578125, 28144.3046875, 28145.353515625, 28143.962890625, 28144.30859375, 28141.83203125, 28142.251953125], "ir_Irgb": [69176.84375, 69177.7265625, 69177.6328125, 69177.8046875, 69179.453125, 69184.9296875, 69178.7578125, 69178.84375, 69174.5234375, 69175.984375, 69179.09375, 69181.03125, 69182.734375, 69175.8984375, 69178.8984375, 69175.4296875, 69178.6640625, 69177.296875, 69176.2109375, 69181.984375, 69182.875, 69184.3515625, 69177.7734375, 69178.140625, 69179.3828125, 69179.828125, 69176.59375, 69179.8125, 69174.75, 69173.9140625], "total_loss": [49487.421875, 49489.4921875, 49490.4609375, 49489.015625, 49490.57421875, 49494.4609375, 49491.19140625, 49489.87109375, 49486.0625, 49487.859375, 49490.94921875, 49492.66015625, 49494.0625, 49486.86328125, 49489.875, 49487.51953125, 49490.796875, 49489.0859375, 49487.515625, 49491.46484375, 49494.5, 49493.92578125, 49489.5390625, 49490.41796875, 49490.73828125, 49491.8671875, 49488.69921875, 49490.58984375, 49486.66015625, 49486.07421875]}, "train_loss": {"l1_homography_loss": [4.126804351806641, 3.7781083583831787, 3.696014881134033, 3.6902315616607666, 3.6889498233795166, 3.690152406692505, 3.689441442489624, 3.6897683143615723, 3.693565845489502, 3.689216375350952, 3.6885197162628174, 3.6879868507385254, 3.6877877712249756, 3.688197612762451, 3.685413122177124, 3.6853280067443848, 3.68501353263855, 3.6848812103271484, 3.6848998069763184, 3.686448335647583, 3.686038017272949, 3.6839818954467773, 3.683350086212158, 3.6850368976593018, 3.684014081954956, 3.684819221496582, 3.6833412647247314, 3.6819143295288086, 3.682128667831421, 3.682304859161377],