{"model-name": "regressionBlock", "epochs": 30, "resumed_from": null, "train_size": 3462, "test_size": 998, "featureEmbeddingBackBone": null, "predicting_homography": false, "tag_name": "SkyData-regressionBlock-mse_pixel-l2_corners_loss-corners-2-30-0965d7b16a3a4ce591c75e66ca8b6e34", "per_epoch_metrics": {"backbone_train_loss": {"fir_frgb": [0.04846606031060219, 0.04846596345305443, 0.04846612736582756, 0.048466794192790985, 0.048467785120010376, 0.04846717044711113, 0.04846646636724472, 0.04846670851111412, 0.04846663773059845, 0.048466745764017105, 0.048466604202985764, 0.048466358333826065, 0.04846666380763054, 0.0484662763774395, 0.048465508967638016, 0.04846649616956711, 0.048467159271240234, 0.0484662763774395, 0.04846598580479622, 0.04846692085266113, 0.04846677929162979, 0.04846605658531189, 0.04846648871898651, 0.04846763610839844, 0.048466384410858154, 0.04846666008234024, 0.04846690595149994, 0.04846670851111412, 0.04846668243408203, 0.04846687614917755], "fir_Iir": [0.16868111491203308, 0.16868029534816742, 0.16868111491203308, 0.16868242621421814, 0.16868650913238525, 0.16868390142917633, 0.16868191957473755, 0.16868256032466888, 0.1686820387840271, 0.16868248581886292, 0.1686829775571823, 0.16868209838867188, 0.168682262301445, 0.1686820536851883, 0.16867905855178833, 0.16868211328983307, 0.16868413984775543, 0.16868188977241516, 0.16868093609809875, 0.16868403553962708, 0.1686839610338211, 0.16868092119693756, 0.1686823070049286, 0.1686861515045166, 0.16868162155151367, 0.1686822921037674, 0.16868305206298828, 0.16868272423744202, 0.1686832308769226, 0.16868311166763306], "frgb_Irgb": [0.04300970956683159, 0.043009668588638306, 0.0430096872150898, 0.04301021620631218, 0.043011248111724854, 0.04301057755947113, 0.043010007590055466, 0.04301018640398979, 0.04301004856824875, 0.04301024228334427, 0.043010056018829346, 0.0430101715028286, 0.04301009699702263, 0.043010178953409195, 0.043009206652641296, 0.043010029941797256, 0.04301052168011665, 0.04300997406244278, 0.043009571731090546, 0.04301048815250397, 0.043010368943214417, 0.043009672313928604, 0.04301021248102188, 0.04301118478178978, 0.04300994426012039, 0.04301024228334427, 0.04301031306385994, 0.04301029443740845, 0.04301046207547188, 0.04301026463508606], "fir_Irgb": [0.007305677514523268, 0.007305919658392668, 0.007305766921490431, 0.007306212559342384, 0.007306098472326994, 0.0073062097653746605, 0.007305837236344814, 0.007305989507585764, 0.00730570824816823, 0.007306107319891453, 0.007305568549782038, 0.007306003011763096, 0.007306064944714308, 0.0073058693669736385, 0.007305761333554983, 0.007305927108973265, 0.007305939681828022, 0.007305740378797054, 0.007305611856281757, 0.007305695675313473, 0.007305359002202749, 0.007305712904781103, 0.007306059822440147, 0.0073059783317148685, 0.007305823266506195, 0.007306129205971956, 0.007305967155843973, 0.007306009531021118, 0.007305785547941923, 0.007305921521037817], "frgb_Iir": [0.04846606031060219, 0.04846596345305443, 0.04846612736582756, 0.048466794192790985, 0.048467785120010376, 0.04846717044711113, 0.04846646636724472, 0.04846670851111412, 0.04846663773059845, 0.048466745764017105, 0.048466604202985764, 0.048466358333826065, 0.04846666380763054, 0.0484662763774395, 0.048465508967638016, 0.04846649616956711, 0.048467159271240234, 0.0484662763774395, 0.04846598580479622, 0.04846692085266113, 0.04846677929162979, 0.04846605658531189, 0.04846648871898651, 0.04846763610839844, 0.048466384410858154, 0.04846666008234024, 0.04846690595149994, 0.04846670851111412, 0.04846668243408203, 0.04846687614917755], "ir_Irgb": [0.1762278527021408, 0.17622746527194977, 0.17622777819633484, 0.1762300431728363, 0.17623412609100342, 0.1762314885854721, 0.1762290894985199, 0.1762298345565796, 0.17622940242290497, 0.17622996866703033, 0.17622965574264526, 0.176229327917099, 0.1762295812368393, 0.17622919380664825, 0.17622585594654083, 0.17622926831245422, 0.17623133957386017, 0.17622898519039154, 0.17622730135917664, 0.17623111605644226, 0.17623065412044525, 0.1762276142835617, 0.1762295961380005, 0.17623384296894073, 0.17622880637645721, 0.17622989416122437, 0.1762305051088333, 0.17623022198677063, 0.1762305200099945, 0.176230326294899], "total_loss": [0.09895024448633194, 0.09895036369562149, 0.09895037859678268, 0.0989520251750946, 0.09895392507314682, 0.0989527627825737, 0.09895112365484238, 0.09895168989896774, 0.09895119071006775, 0.09895189851522446, 0.09895102679729462, 0.09895133227109909, 0.09895163029432297, 0.09895113855600357, 0.09894926846027374, 0.09895126521587372, 0.09895242750644684, 0.09895078837871552, 0.09894996881484985, 0.09895190596580505, 0.0989513173699379, 0.09895024448633194, 0.0989515632390976, 0.09895361214876175, 0.09895094484090805, 0.09895183145999908, 0.09895199537277222, 0.09895181655883789, 0.09895171970129013, 0.09895186126232147]}, "backbone_test_results": {"fir_frgb": [0.04842471331357956, 0.04842330887913704, 0.04842453822493553, 0.04842391610145569, 0.04842560365796089, 0.04842690750956535, 0.04842745140194893, 0.04842694476246834, 0.04842638969421387, 0.048424746841192245, 0.048424847424030304, 0.04842712730169296, 0.04842584207653999, 0.04842706024646759, 0.04842698946595192, 0.048425380140542984, 0.04842693358659744, 0.04842684417963028, 0.04842672869563103, 0.04842560365796089, 0.048422932624816895, 0.0484248623251915, 0.048424798995256424, 0.048427071422338486, 0.048424798995256424, 0.04842552915215492, 0.048423364758491516, 0.048422787338495255, 0.04842647910118103, 0.048428475856781006], "fir_Iir": [0.16815277934074402, 0.1681472361087799, 0.1681520938873291, 0.16815084218978882, 0.16815344989299774, 0.1681593656539917, 0.16816219687461853, 0.16815868020057678, 0.16815899312496185, 0.16815219819545746, 0.16815516352653503, 0.1681603491306305, 0.16815677285194397, 0.16816619038581848, 0.16816087067127228, 0.16815516352653503, 0.16816197335720062, 0.16815969347953796, 0.1681617647409439, 0.16815494000911713, 0.16814927756786346, 0.1681535840034485, 0.16815492510795593, 0.16815964877605438, 0.16815365850925446, 0.1681533008813858, 0.1681491881608963, 0.1681460440158844, 0.16815942525863647, 0.16816653311252594], "frgb_Irgb": [0.042931750416755676, 0.0429304875433445, 0.0429316870868206, 0.042931340634822845, 0.042931657284498215, 0.04293283447623253, 0.042933639138936996, 0.04293312504887581, 0.04293317347764969, 0.04293062165379524, 0.042931586503982544, 0.04293304681777954, 0.042932070791721344, 0.04293450340628624, 0.04293353110551834, 0.04293205589056015, 0.04293334111571312, 0.04293321073055267, 0.042933542281389236, 0.042931705713272095, 0.04293041303753853, 0.04293201118707657, 0.04293236881494522, 0.04293280467391014, 0.04293201118707657, 0.042932115495204926, 0.04293026030063629, 0.042929328978061676, 0.04293321073055267, 0.04293490946292877], "fir_Irgb": [0.0074873026460409164, 0.007487294264137745, 0.007487198803573847, 0.007486735004931688, 0.007487575989216566, 0.00748759601265192, 0.007486144546419382, 0.007487456779927015, 0.007487005554139614, 0.0074861980974674225, 0.007485773414373398, 0.007487071678042412, 0.007486569695174694, 0.007486661896109581, 0.0074867913499474525, 0.007487013470381498, 0.007486964110285044, 0.007487468887120485, 0.007486249320209026, 0.007486987393349409, 0.0074861799366772175, 0.0074866157956421375, 0.0074873692356050014, 0.00748770497739315, 0.007486952003091574, 0.007488051895052195, 0.007486273068934679, 0.007486734539270401, 0.007486897520720959, 0.007486678659915924],