{"model-name": "regressionBlock", "epochs": 50, "resumed_from": null, "train_size": 3462, "test_size": 998, "featureEmbeddingBackBone": null, "predicting_homography": true, "tag_name": "SkyData-regressionBlock-mae_pixel-l2_homography_loss-homography-2-50-25cf99f67657434d86bce917b014fd54", "per_epoch_metrics": {"backbone_train_loss": {"fir_frgb": [0.3271876871585846, 0.32718977332115173, 0.3271923363208771, 0.32719212770462036, 0.32718756794929504, 0.32718977332115173, 0.32719114422798157, 0.3271903693675995, 0.3271927237510681, 0.32718920707702637, 0.3271869122982025, 0.32718905806541443, 0.3271907866001129, 0.32719314098358154, 0.3271891176700592, 0.32718926668167114, 0.3271894156932831, 0.3271905481815338, 0.32719171047210693, 0.327194482088089, 0.3271948993206024, 0.32718729972839355, 0.3271907567977905, 0.32719001173973083, 0.3271895945072174, 0.32718920707702637, 0.327192485332489, 0.32719120383262634], "fir_Iir": [0.35630539059638977, 0.35630783438682556, 0.35631054639816284, 0.3563103973865509, 0.3563055992126465, 0.3563082218170166, 0.35630884766578674, 0.3563082814216614, 0.3563106656074524, 0.3563075661659241, 0.3563052713871002, 0.35630738735198975, 0.35630887746810913, 0.35631170868873596, 0.3563072383403778, 0.3563072383403778, 0.3563072383403778, 0.3563092052936554, 0.3563095033168793, 0.3563128709793091, 0.35631340742111206, 0.35630521178245544, 0.3563086688518524, 0.3563072979450226, 0.3563079535961151, 0.35630708932876587, 0.35631057620048523, 0.35630878806114197], "frgb_Irgb": [0.03605415299534798, 0.03605490177869797, 0.03605525195598602, 0.0360553078353405, 0.03605499491095543, 0.03605485334992409, 0.03605462610721588, 0.036054693162441254, 0.0360553003847599, 0.03605502471327782, 0.03605462610721588, 0.03605490177869797, 0.036054886877536774, 0.03605546057224274, 0.036054957658052444, 0.036054857075214386, 0.036054711788892746, 0.036055490374565125, 0.03605484589934349, 0.036055270582437515, 0.03605525940656662, 0.03605388104915619, 0.03605478256940842, 0.036054208874702454, 0.036055054515600204, 0.03605487570166588, 0.03605516627430916, 0.036054641008377075], "fir_Irgb": [0.05859917029738426, 0.05860051140189171, 0.05860034376382828, 0.058600760996341705, 0.05860130488872528, 0.05859886109828949, 0.058599527925252914, 0.05859890580177307, 0.05860074982047081, 0.05859976261854172, 0.058598946779966354, 0.058599166572093964, 0.05859876424074173, 0.05860030651092529, 0.05860011279582977, 0.05860066041350365, 0.05859994515776634, 0.05859935283660889, 0.058600008487701416, 0.05860063433647156, 0.05860118940472603, 0.05859746038913727, 0.05859998241066933, 0.058601588010787964, 0.05860051140189171, 0.05859902873635292, 0.05859890580177307, 0.05860142409801483], "frgb_Iir": [0.3271876871585846, 0.32718977332115173, 0.3271923363208771, 0.32719212770462036, 0.32718756794929504, 0.32718977332115173, 0.32719114422798157, 0.3271903693675995, 0.3271927237510681, 0.32718920707702637, 0.3271869122982025, 0.32718905806541443, 0.3271907866001129, 0.32719314098358154, 0.3271891176700592, 0.32718926668167114, 0.3271894156932831, 0.3271905481815338, 0.32719171047210693, 0.327194482088089, 0.3271948993206024, 0.32718729972839355, 0.3271907567977905, 0.32719001173973083, 0.3271895945072174, 0.32718920707702637, 0.327192485332489, 0.32719120383262634], "ir_Irgb": [0.3615442216396332, 0.3615470826625824, 0.361549973487854, 0.36154985427856445, 0.36154496669769287, 0.3615470230579376, 0.36154818534851074, 0.3615474998950958, 0.3615504801273346, 0.3615466058254242, 0.3615439236164093, 0.3615463972091675, 0.36154815554618835, 0.36155104637145996, 0.36154651641845703, 0.36154651641845703, 0.36154648661613464, 0.36154842376708984, 0.3615489900112152, 0.3615522086620331, 0.36155256628990173, 0.3615436553955078, 0.36154794692993164, 0.3615465462207794, 0.3615470230579376, 0.36154648661613464, 0.36155012249946594, 0.36154821515083313], "total_loss": [0.42219746112823486, 0.42220160365104675, 0.4222044050693512, 0.4222046434879303, 0.42220035195350647, 0.42219996452331543, 0.4222017228603363, 0.42220041155815125, 0.42220523953437805, 0.42220044136047363, 0.4221969246864319, 0.4221995770931244, 0.42220091819763184, 0.4222053587436676, 0.42220064997673035, 0.4222012758255005, 0.4222005307674408, 0.4222017824649811, 0.42220303416252136, 0.4222068786621094, 0.42220786213874817, 0.42219507694244385, 0.4222019612789154, 0.4222021996974945, 0.42220157384872437, 0.4221996068954468, 0.4222029745578766, 0.42220377922058105]}, "backbone_test_results": {"fir_frgb": [0.32733190059661865, 0.327326238155365, 0.3273206055164337, 0.32733023166656494, 0.32733169198036194, 0.3273351788520813, 0.32734015583992004, 0.3273458778858185, 0.3273346722126007, 0.3273341953754425, 0.32734215259552, 0.32733234763145447, 0.32732662558555603, 0.3273281753063202, 0.32732927799224854, 0.3273375928401947, 0.3273288607597351, 0.32735133171081543, 0.3273373544216156, 0.327330619096756, 0.32733967900276184, 0.32732564210891724, 0.3273236155509949, 0.32733920216560364, 0.3273317217826843, 0.32733941078186035, 0.3273383677005768, 0.327330619096756], "fir_Iir": [0.35581398010253906, 0.35581129789352417, 0.3558073937892914, 0.35581067204475403, 0.3558158874511719, 0.3558184802532196, 0.3558247983455658, 0.35583028197288513, 0.35581570863723755, 0.3558219075202942, 0.35582858324050903, 0.35581547021865845, 0.35581037402153015, 0.35581037402153015, 0.35581138730049133, 0.35582253336906433, 0.35581231117248535, 0.35583826899528503, 0.35582131147384644, 0.3558134436607361, 0.35582229495048523, 0.3558053970336914, 0.3558103144168854, 0.3558260202407837, 0.35581666231155396, 0.35582083463668823, 0.35582152009010315, 0.3558129072189331], "frgb_Irgb": [0.03559912368655205, 0.035601645708084106, 0.03560345619916916, 0.03559749945998192, 0.03560197353363037, 0.03559976816177368, 0.03560132533311844, 0.03560386970639229, 0.03559974208474159, 0.03560328111052513, 0.03560371696949005, 0.035601042211055756, 0.035601239651441574, 0.035600367933511734, 0.035598259419202805, 0.03560211881995201, 0.03560220077633858, 0.03560550510883331, 0.035599786788225174, 0.035600971430540085, 0.03560039773583412, 0.035597119480371475, 0.03560097888112068, 0.035604000091552734, 0.035602640360593796, 0.03559887036681175, 0.03560078516602516, 0.035600315779447556], "fir_Irgb": [0.05911773070693016, 0.059115223586559296, 0.05911709740757942, 0.059119779616594315, 0.05912249535322189, 0.0591190904378891, 0.05911969766020775, 0.059120312333106995, 0.0591212697327137, 0.05911537632346153, 0.059119220823049545, 0.05911938473582268, 0.059119801968336105, 0.05912305414676666, 0.059115901589393616, 0.05911429971456528, 0.05911916494369507, 0.059122130274772644, 0.059113238006830215, 0.05911813676357269, 0.05912389978766441, 0.059114836156368256, 0.059113018214702606, 0.059117868542671204, 0.0591181144118309, 0.05911559239029884, 0.05912134051322937, 0.05912304297089577], "frgb_Iir": [0.32733190059661865, 0.327326238155365, 0.3273206055164337, 0.32733023166656494, 0.32733169198036194, 0.3273351788520813, 0.32734015583992004, 0.3273458778858185, 0.3273346722126007, 0.3273341953754425, 0.32734215259552, 0.32733234763145447, 0.32732662558555603, 0.3273281753063202, 0.32732927799224854, 0.3273375928401947, 0.3273288607597351, 0.32735133171081543, 0.3273373544216156, 0.327330619096756, 0.32733967900276184, 0.32732564210891724, 0.3273236155509949, 0.32733920216560364, 0.3273317217826843, 0.32733941078186035, 0.3273383677005768, 0.327330619096756],