{"model-name": "regressionBlock", "epochs": 30, "resumed_from": null, "train_size": 3462, "test_size": 998, "featureEmbeddingBackBone": null, "predicting_homography": true, "tag_name": "SkyData-regressionBlock-sse_pixel-l2_homography_loss-homography-2-30-3be7fc960c9a4a0bb4ee8922306a0c83", "per_epoch_metrics": {"backbone_train_loss": {"fir_frgb": [27955.890625, 27955.5703125, 27955.76171875, 27955.529296875, 27955.66015625, 27955.38671875, 27955.7578125, 27955.822265625, 27955.669921875, 27955.138671875], "fir_Iir": [62487.62109375, 62486.9453125, 62487.51953125, 62487.08203125, 62487.54296875, 62486.93359375, 62487.4921875, 62487.6875, 62487.76953125, 62486.6015625], "frgb_Irgb": [14438.9150390625, 14438.8095703125, 14438.908203125, 14438.865234375, 14439.015625, 14438.9111328125, 14438.875, 14438.80078125, 14439.017578125, 14438.80859375], "fir_Irgb": [6887.77099609375, 6887.751953125, 6887.62451171875, 6887.6962890625, 6887.74462890625, 6887.763671875, 6887.68701171875, 6887.46923828125, 6887.45458984375, 6887.55078125], "frgb_Iir": [27955.890625, 27955.5703125, 27955.76171875, 27955.529296875, 27955.66015625, 27955.38671875, 27955.7578125, 27955.822265625, 27955.669921875, 27955.138671875], "ir_Irgb": [69297.109375, 69296.40625, 69296.8984375, 69296.34375, 69297.0859375, 69296.3828125, 69296.8203125, 69297.2265625, 69297.0078125, 69295.8671875], "total_loss": [49345.0703125, 49344.62890625, 49344.79296875, 49344.5859375, 49344.9140625, 49344.55859375, 49344.8125, 49344.58984375, 49344.640625, 49343.9921875]}, "backbone_test_results": {"fir_frgb": [28143.26171875, 28143.794921875, 28143.166015625, 28143.623046875, 28143.96484375, 28146.453125, 28144.798828125, 28144.404296875, 28141.525390625, 28143.15625], "fir_Iir": [62193.265625, 62193.40234375, 62191.80078125, 62193.73828125, 62195.30078125, 62198.98046875, 62192.625, 62193.3828125, 62191.91015625, 62192.90625], "frgb_Irgb": [14316.3486328125, 14316.541015625, 14317.244140625, 14316.83984375, 14317.4169921875, 14318.123046875, 14316.83984375, 14316.7861328125, 14316.3134765625, 14316.30859375], "fir_Irgb": [6965.61083984375, 6966.95166015625, 6967.84814453125, 6966.3466796875, 6966.98583984375, 6967.67431640625, 6967.34765625, 6966.4765625, 6966.025390625, 6966.19091796875], "frgb_Iir": [28143.26171875, 28143.794921875, 28143.166015625, 28143.623046875, 28143.96484375, 28146.453125, 28144.798828125, 28144.404296875, 28141.525390625, 28143.15625], "ir_Irgb": [69176.84375, 69177.7265625, 69177.6328125, 69177.8046875, 69179.453125, 69184.9296875, 69178.7578125, 69178.84375, 69174.5234375, 69175.984375], "total_loss": [49487.421875, 49489.4921875, 49490.4609375, 49489.015625, 49490.57421875, 49494.4609375, 49491.19140625, 49489.87109375, 49486.0625, 49487.859375]}, "train_loss": {"l1_homography_loss": [4.126804351806641, 3.7781083583831787, 3.696014881134033, 3.6902315616607666, 3.6889498233795166, 3.690152406692505, 3.689441442489624, 3.6897683143615723, 3.693565845489502, 3.689216375350952], "l2_homography_loss": [100.3255615234375, 80.35225677490234, 76.13545227050781, 75.86598205566406, 75.85153198242188, 75.92575073242188, 75.87213897705078, 75.7996826171875, 75.81063842773438, 75.76563262939453], "l1_corners_loss": [139.619384765625, 1220.0513916015625, 186.24952697753906, 277.0220031738281, 410.9402160644531, 342.7356872558594, 561.4515380859375, 1662.85009765625, 243.4327392578125, 281.57647705078125], "l2_corners_loss": [6102269.0, 8224237568.0, 9283334.0, 30645958.0, 314885728.0, 30118676.0, 570188224.0, 22828290048.0, 5187377.0, 21236954.0], "total_loss": [100.3255615234375, 80.35225677490234, 76.13545227050781, 75.86598205566406, 75.85153198242188, 75.92575073242188, 75.87213897705078, 75.7996826171875, 75.81063842773438, 75.76563262939453]}, "test_results": {"l1_homography_loss": [3.8424534797668457, 3.6964597702026367, 3.698744773864746, 3.7085068225860596, 3.7016143798828125, 3.6973724365234375, 3.6985273361206055, 3.7095518112182617, 3.711906671524048, 3.772949695587158], "l2_homography_loss": [82.69158935546875, 76.01592254638672, 76.03565979003906, 76.8143310546875, 76.6416244506836, 76.04906463623047, 75.97221374511719, 76.82953643798828, 75.96377563476562, 76.89517974853516], "l1_corners_loss": [88.16241455078125, 26.514423370361328, 241.32041931152344, 160.4199676513672, 381.04046630859375, 348.16595458984375, 305.2042236328125, 21.47919273376465, 173.60748291015625, 48.45331954956055], "l2_corners_loss": [14832.1533203125, 1065.853515625, 139922.3125, 55888.32421875, 419227.375, 671532.5, 203536.03125, 693.1787109375, 103743.359375, 3683.453125], "total_loss": [82.69158935546875, 76.01592254638672, 76.03565979003906, 76.8143310546875, 76.6416244506836, 76.04906463623047, 75.97221374511719, 76.82953643798828, 75.96377563476562, 76.89517974853516]}}, "training_time": "29.12 hours", "featureEmbeddingBackbone": "models/SkyData/sse_pixel/SkyData-sse_pixel-featureEmbeddingBackbone-1-50-c139e1fb63f240789439f2bfc7cba603-6.keras"}