{"model-name": "featureEmbeddingBackbone", "epochs": 50, "loss_function": "ssim_pixel", "resumed_from": null, "train_size": 3462, "test_size": 998, "tag_name": "SkyData-ssim_pixel-featureEmbeddingBackbone-1-50-0ca7a287425746488530f7ee0e517ab7", "per_epoch_metrics": {"train_loss": {"fir_frgb": [0.7927234768867493, 0.7557456493377686, 0.742019534111023, 0.734681248664856, 0.7297253012657166, 0.7261238694190979, 0.7233272194862366, 0.7212315201759338, 0.7193899154663086, 0.7179678082466125, 0.7167672514915466, 0.7157214283943176, 0.7148377299308777, 0.71404629945755, 0.7134113311767578, 0.7128156423568726, 0.7123149633407593, 0.7118498086929321, 0.7115036249160767, 0.7111235857009888, 0.7108524441719055, 0.710564374923706, 0.7103424668312073, 0.7101281881332397, 0.7099822759628296, 0.7097957730293274, 0.7096490859985352, 0.7095301747322083, 0.7094100117683411, 0.7092915773391724, 0.7092050909996033, 0.7091352939605713, 0.7090618014335632, 0.7089626789093018, 0.7089249491691589, 0.708878755569458, 0.7088425159454346, 0.7088155746459961, 0.7087568640708923, 0.7087587118148804, 0.7087326645851135, 0.7086893320083618, 0.7086708545684814, 0.7086841464042664, 0.7086393237113953, 0.7086496353149414, 0.7085999846458435, 0.7086083889007568, 0.7086188197135925, 0.7085773348808289], "fir_Iir": [0.823297381401062, 0.831144392490387, 0.8331162929534912, 0.8342072367668152, 0.8348022103309631, 0.8350787162780762, 0.8352481722831726, 0.835507333278656, 0.8359071612358093, 0.8362016677856445, 0.8365088701248169, 0.8367440104484558, 0.836998701095581, 0.8371566534042358, 0.8372414112091064, 0.8373539447784424, 0.8374099135398865, 0.8374620676040649, 0.8375163078308105, 0.8375639915466309, 0.8376086950302124, 0.8376369476318359, 0.8376753330230713, 0.8376993536949158, 0.8377293944358826, 0.8377395868301392, 0.8377735614776611, 0.8377902507781982, 0.8377925753593445, 0.8377923965454102, 0.8378201723098755, 0.8378113508224487, 0.8378229141235352, 0.8378190398216248, 0.8378268480300903, 0.8378445506095886, 0.837836742401123, 0.8378328084945679, 0.8378586173057556, 0.8378428220748901, 0.8378535509109497, 0.8378733992576599, 0.8378376364707947, 0.8378714323043823, 0.8378543853759766, 0.8378533720970154, 0.8378633856773376, 0.8378722071647644, 0.8378454446792603, 0.8378687500953674], "frgb_Irgb": [0.058667346835136414, 0.06567121297121048, 0.07186739146709442, 0.07526549696922302, 0.07753529399633408, 0.07919865101575851, 0.08051000535488129, 0.08150109648704529, 0.08234845846891403, 0.0830199271440506, 0.08358196914196014, 0.08407866209745407, 0.08448824286460876, 0.08486628532409668, 0.0851697325706482, 0.08544498682022095, 0.08568413555622101, 0.08591209352016449, 0.0860641747713089, 0.08624805510044098, 0.08638525009155273, 0.0865214392542839, 0.08662225306034088, 0.08672834187746048, 0.08678675442934036, 0.08688927441835403, 0.08696198463439941, 0.08701625466346741, 0.08706385642290115, 0.0871303454041481, 0.08717063814401627, 0.08719055354595184, 0.08722738176584244, 0.08728942275047302, 0.0872984528541565, 0.08732100576162338, 0.08734238147735596, 0.08734921365976334, 0.08738904446363449, 0.08736926317214966, 0.08739065378904343, 0.08742193132638931, 0.0874238908290863, 0.08740422129631042, 0.08744002878665924, 0.08742395043373108, 0.08746703714132309, 0.08745061606168747, 0.08743935823440552, 0.08748078346252441], "fir_Irgb": [0.4964691996574402, 0.37477508187294006, 0.34804579615592957, 0.33345291018486023, 0.32360967993736267, 0.3162746727466583, 0.3098202049732208, 0.3048534393310547, 0.3005104064941406, 0.29706111550331116, 0.2941226065158844, 0.29160067439079285, 0.2895336151123047, 0.2877373695373535, 0.2860090434551239, 0.28446295857429504, 0.28325381875038147, 0.282187283039093, 0.2812955975532532, 0.28046271204948425, 0.2797917127609253, 0.2791840434074402, 0.2786604166030884, 0.2782178223133087, 0.2778226435184479, 0.2775024175643921, 0.27719593048095703, 0.27692705392837524, 0.2766951024532318, 0.2765083909034729, 0.2763376235961914, 0.27617913484573364, 0.2760455906391144, 0.2759285569190979, 0.2758324146270752, 0.2757435739040375, 0.27568453550338745, 0.2756142020225525, 0.2755487263202667, 0.2754945456981659, 0.2754662334918976, 0.275423139333725, 0.27538934350013733, 0.27536502480506897, 0.2753255069255829, 0.2753049433231354, 0.2752857208251953, 0.27527105808258057, 0.2752537727355957, 0.2752523422241211], "frgb_Iir": [0.7927234768867493, 0.7557456493377686, 0.742019534111023, 0.734681248664856, 0.7297253012657166, 0.7261238694190979, 0.7233272194862366, 0.7212315201759338, 0.7193899154663086, 0.7179678082466125, 0.7167672514915466, 0.7157214283943176, 0.7148377299308777, 0.71404629945755, 0.7134113311767578, 0.7128156423568726, 0.7123149633407593, 0.7118498086929321, 0.7115036249160767, 0.7111235857009888, 0.7108524441719055, 0.710564374923706, 0.7103424668312073, 0.7101281881332397, 0.7099822759628296, 0.7097957730293274, 0.7096490859985352, 0.7095301747322083, 0.7094100117683411, 0.7092915773391724, 0.7092050909996033, 0.7091352939605713, 0.7090618014335632, 0.7089626789093018, 0.7089249491691589, 0.708878755569458, 0.7088425159454346, 0.7088155746459961, 0.7087568640708923, 0.7087587118148804, 0.7087326645851135, 0.7086893320083618, 0.7086708545684814, 0.7086841464042664, 0.7086393237113953, 0.7086496353149414, 0.7085999846458435, 0.7086083889007568, 0.7086188197135925, 0.7085773348808289], "ir_Irgb": [0.8555998206138611, 0.8555948138237, 0.8555904626846313, 0.855593740940094, 0.8555865287780762, 0.8555868268013, 0.8555915355682373, 0.8555845618247986, 0.8555958271026611, 0.8555873036384583, 0.8555912375450134, 0.8555952906608582, 0.8555900454521179, 0.8555873036384583, 0.855592668056488, 0.8556032776832581, 0.8555935621261597, 0.8555954098701477, 0.8555941581726074, 0.8555876016616821, 0.8555973768234253, 0.8555862307548523, 0.8555866479873657, 0.8555883765220642, 0.855591356754303, 0.8555895090103149, 0.855593740940094, 0.8555983901023865, 0.8555921316146851, 0.8555890321731567, 0.8555946946144104, 0.8555821180343628, 0.8555896282196045, 0.8555835485458374, 0.8555862307548523, 0.8555877804756165, 0.8555904626846313, 0.8555909395217896, 0.8555915951728821, 0.8555874228477478, 0.855594277381897, 0.8555943369865417, 0.8555874824523926, 0.8555872440338135, 0.855589747428894, 0.8555905818939209, 0.8555904626846313, 0.855586588382721, 0.8555903434753418, 0.8555930256843567], "total_loss": [1.3486835956573486, 1.1970232725143433, 1.1627659797668457, 1.1442341804504395, 1.1317052841186523, 1.1224324703216553, 1.1144928932189941, 1.108421802520752, 1.103084921836853, 1.0988852977752686, 1.095308542251587, 1.0922377109527588, 1.0896967649459839, 1.0874873399734497, 1.0854276418685913, 1.0835610628128052, 1.0820906162261963, 1.080786943435669, 1.0797010660171509, 1.078672170639038, 1.0778672695159912, 1.0771077871322632, 1.076462984085083, 1.075912356376648, 1.0754296779632568, 1.0750254392623901, 1.074644923210144, 1.0743114948272705, 1.0740070343017578, 1.0737683773040771, 1.0735515356063843, 1.07334303855896, 1.073172926902771, 1.0730186700820923, 1.0728938579559326, 1.0727813243865967, 1.0727075338363647, 1.0726170539855957, 1.0725327730178833, 1.072460651397705, 1.0724276304244995, 1.0723724365234375, 1.072322130203247, 1.072291612625122, 1.0722429752349854, 1.0722166299819946, 1.0721908807754517, 1.072168231010437, 1.0721499919891357, 1.0721485614776611]},