{"model-name": "regressionBlock", "epochs": 30, "resumed_from": null, "train_size": 3462, "test_size": 998, "featureEmbeddingBackBone": null, "predicting_homography": false, "tag_name": "SkyData-regressionBlock-mse_pixel-l2_corners_loss-corners-2-30-0965d7b16a3a4ce591c75e66ca8b6e34", "per_epoch_metrics": {"backbone_train_loss": {"fir_frgb": [0.04846606031060219, 0.04846596345305443, 0.04846612736582756, 0.048466794192790985, 0.048467785120010376, 0.04846717044711113, 0.04846646636724472], "fir_Iir": [0.16868111491203308, 0.16868029534816742, 0.16868111491203308, 0.16868242621421814, 0.16868650913238525, 0.16868390142917633, 0.16868191957473755], "frgb_Irgb": [0.04300970956683159, 0.043009668588638306, 0.0430096872150898, 0.04301021620631218, 0.043011248111724854, 0.04301057755947113, 0.043010007590055466], "fir_Irgb": [0.007305677514523268, 0.007305919658392668, 0.007305766921490431, 0.007306212559342384, 0.007306098472326994, 0.0073062097653746605, 0.007305837236344814], "frgb_Iir": [0.04846606031060219, 0.04846596345305443, 0.04846612736582756, 0.048466794192790985, 0.048467785120010376, 0.04846717044711113, 0.04846646636724472], "ir_Irgb": [0.1762278527021408, 0.17622746527194977, 0.17622777819633484, 0.1762300431728363, 0.17623412609100342, 0.1762314885854721, 0.1762290894985199], "total_loss": [0.09895024448633194, 0.09895036369562149, 0.09895037859678268, 0.0989520251750946, 0.09895392507314682, 0.0989527627825737, 0.09895112365484238]}, "backbone_test_results": {"fir_frgb": [0.04842471331357956, 0.04842330887913704, 0.04842453822493553, 0.04842391610145569, 0.04842560365796089, 0.04842690750956535, 0.04842745140194893], "fir_Iir": [0.16815277934074402, 0.1681472361087799, 0.1681520938873291, 0.16815084218978882, 0.16815344989299774, 0.1681593656539917, 0.16816219687461853], "frgb_Irgb": [0.042931750416755676, 0.0429304875433445, 0.0429316870868206, 0.042931340634822845, 0.042931657284498215, 0.04293283447623253, 0.042933639138936996], "fir_Irgb": [0.0074873026460409164, 0.007487294264137745, 0.007487198803573847, 0.007486735004931688, 0.007487575989216566, 0.00748759601265192, 0.007486144546419382], "frgb_Iir": [0.04842471331357956, 0.04842330887913704, 0.04842453822493553, 0.04842391610145569, 0.04842560365796089, 0.04842690750956535, 0.04842745140194893], "ir_Irgb": [0.17592979967594147, 0.17592409253120422, 0.17592878639698029, 0.17592737078666687, 0.17593084275722504, 0.17593631148338318, 0.1759387105703354], "total_loss": [0.09901204705238342, 0.09900935739278793, 0.09901169687509537, 0.09901025891304016, 0.09901310503482819, 0.09901562333106995, 0.09901551902294159]}, "train_loss": {"l1_homography_loss": [0.0, 0.0, 0.0, 0.0, 0.0, 0.0, 0.0], "l2_homography_loss": [0.0, 0.0, 0.0, 0.0, 0.0, 0.0, 0.0], "l1_corners_loss": [21.96567726135254, 18.21434211730957, 17.723281860351562, 18.036956787109375, 18.286745071411133, 18.19225311279297, 17.054136276245117], "l2_corners_loss": [843.5496215820312, 488.9118957519531, 453.3241271972656, 475.1012268066406, 493.7753601074219, 484.3283996582031, 414.8357238769531], "total_loss": [843.5496215820312, 488.9118957519531, 453.3241271972656, 475.1012268066406, 493.7753601074219, 484.3283996582031, 414.8357238769531]}, "test_results": {"l1_homography_loss": [0.0, 0.0, 0.0, 0.0, 0.0, 0.0, 0.0], "l2_homography_loss": [0.0, 0.0, 0.0, 0.0, 0.0, 0.0, 0.0], "l1_corners_loss": [16.4458065032959, 16.718460083007812, 19.515596389770508, 16.577747344970703, 16.04334259033203, 20.545223236083984, 17.851543426513672], "l2_corners_loss": [370.59429931640625, 388.7884826660156, 566.3815307617188, 379.4553527832031, 348.3857727050781, 629.4454956054688, 466.5348815917969], "total_loss": [370.59429931640625, 388.7884826660156, 566.3815307617188, 379.4553527832031, 348.3857727050781, 629.4454956054688, 466.5348815917969]}}, "training_time": "20.37 hours", "featureEmbeddingBackbone": "models/SkyData/mse_pixel/SkyData-mse_pixel-featureEmbeddingBackbone-1-50-2a0120c316604ac997ce208f3c26c0fb-26.keras"}