{"model-name": "featureEmbeddingBackbone", "epochs": 50, "loss_function": "mae_pixel", "resumed_from": null, "train_size": 3462, "test_size": 998, "tag_name": "SkyData-mae_pixel-featureEmbeddingBackbone-1-50-4d5a6623575f48bcbcb7dbe60c57c78b", "per_epoch_metrics": {"train_loss": {"fir_frgb": [0.38357773423194885, 0.3276842534542084, 0.32951512932777405, 0.3279411196708679, 0.32650288939476013, 0.3252775967121124, 0.32513555884361267, 0.32498791813850403, 0.32513198256492615, 0.32503825426101685, 0.3251754641532898, 0.3254348039627075, 0.32555800676345825, 0.32567477226257324, 0.3258543014526367, 0.32595095038414, 0.3260742723941803, 0.3261550962924957, 0.3262695372104645, 0.32636627554893494, 0.3264425992965698, 0.3265163004398346, 0.3265884518623352, 0.3266116678714752, 0.32665783166885376, 0.32669001817703247, 0.32672178745269775, 0.3267529010772705, 0.326778382062912, 0.32680121064186096, 0.32681939005851746, 0.32683831453323364, 0.3268629014492035, 0.3268633186817169, 0.32688385248184204, 0.3268873393535614, 0.32689815759658813, 0.3269093334674835, 0.32691553235054016, 0.326921284198761, 0.326928049325943, 0.32692751288414, 0.3269328474998474, 0.32694321870803833, 0.32694166898727417, 0.3269469738006592, 0.3269476592540741, 0.32695192098617554, 0.32695338129997253, 0.3269491195678711], "fir_Iir": [0.3482740521430969, 0.3531934320926666, 0.3544010818004608, 0.354915589094162, 0.35521388053894043, 0.3554236888885498, 0.35556718707084656, 0.3556674122810364, 0.35575196146965027, 0.35583099722862244, 0.35589176416397095, 0.35594305396080017, 0.35598719120025635, 0.35601380467414856, 0.3560483157634735, 0.35607799887657166, 0.3560900390148163, 0.35611528158187866, 0.35612672567367554, 0.35614213347435, 0.35615861415863037, 0.3561635911464691, 0.3561805784702301, 0.35617688298225403, 0.3561852276325226, 0.3561914265155792, 0.3561934530735016, 0.35619714856147766, 0.35620251297950745, 0.35620495676994324, 0.3562072217464447, 0.356210857629776, 0.3562109172344208, 0.35621413588523865, 0.35621535778045654, 0.3562140166759491, 0.356221079826355, 0.35622185468673706, 0.35621774196624756, 0.35622087121009827, 0.3562217056751251, 0.35621872544288635, 0.3562248647212982, 0.35622158646583557, 0.35622385144233704, 0.3562239408493042, 0.35622507333755493, 0.3562285900115967, 0.356225848197937, 0.3562244772911072], "frgb_Irgb": [0.11545775830745697, 0.046840276569128036, 0.0402376614511013, 0.03890851512551308, 0.03888338431715965, 0.03962666913866997, 0.03930848464369774, 0.03923576697707176, 0.03889438509941101, 0.038876984268426895, 0.0386405773460865, 0.038275230675935745, 0.038086798042058945, 0.03791779279708862, 0.03768739476799965, 0.03755513206124306, 0.03739402815699577, 0.03728853911161423, 0.03714475780725479, 0.03702360764145851, 0.03693147003650665, 0.036839015781879425, 0.03675557300448418, 0.03671934828162193, 0.03666059300303459, 0.0366162471473217, 0.036577947437763214, 0.03654010593891144, 0.036507684737443924, 0.03648088499903679, 0.03645430877804756, 0.03643268719315529, 0.03640409931540489, 0.036398183554410934, 0.036376990377902985, 0.036369506269693375, 0.0363604798913002, 0.03634443134069443, 0.03633494675159454, 0.03632725402712822, 0.03632111847400665, 0.03631795942783356, 0.03631509467959404, 0.036302145570516586, 0.03630289062857628, 0.03629676252603531, 0.036296598613262177, 0.036293283104896545, 0.03628946468234062, 0.036293309181928635], "fir_Irgb": [0.10882861912250519, 0.08031359314918518, 0.0730554386973381, 0.06949163228273392, 0.06734184920787811, 0.06570400297641754, 0.06458652019500732, 0.06367623060941696, 0.06294271349906921, 0.06233610212802887, 0.06181655451655388, 0.06140231341123581, 0.061029769480228424, 0.060692887753248215, 0.060433778911828995, 0.060190197080373764, 0.059999652206897736, 0.05983079597353935, 0.05966304987668991, 0.0595271997153759, 0.059405405074357986, 0.059311218559741974, 0.05922415480017662, 0.05913360044360161, 0.05906888097524643, 0.05901596322655678, 0.05895579978823662, 0.058910220861434937, 0.05886492505669594, 0.058833640068769455, 0.05880476534366608, 0.058777160942554474, 0.058750227093696594, 0.058728307485580444, 0.05871397629380226, 0.058695536106824875, 0.058684226125478745, 0.058669157326221466, 0.05865911766886711, 0.05865022912621498, 0.05864230915904045, 0.05863650143146515, 0.05863058939576149, 0.05862453952431679, 0.05862051248550415, 0.058615751564502716, 0.05861372873187065, 0.05860929563641548, 0.0586068220436573, 0.05860581621527672], "frgb_Iir": [0.38357773423194885, 0.3276842534542084, 0.32951512932777405, 0.3279411196708679, 0.32650288939476013, 0.3252775967121124, 0.32513555884361267, 0.32498791813850403, 0.32513198256492615, 0.32503825426101685, 0.3251754641532898, 0.3254348039627075, 0.32555800676345825, 0.32567477226257324, 0.3258543014526367, 0.32595095038414, 0.3260742723941803, 0.3261550962924957, 0.3262695372104645, 0.32636627554893494, 0.3264425992965698, 0.3265163004398346, 0.3265884518623352, 0.3266116678714752, 0.32665783166885376, 0.32669001817703247, 0.32672178745269775, 0.3267529010772705, 0.326778382062912, 0.32680121064186096, 0.32681939005851746, 0.32683831453323364, 0.3268629014492035, 0.3268633186817169, 0.32688385248184204, 0.3268873393535614, 0.32689815759658813, 0.3269093334674835, 0.32691553235054016, 0.326921284198761, 0.326928049325943, 0.32692751288414, 0.3269328474998474, 0.32694321870803833, 0.32694166898727417, 0.3269469738006592, 0.3269476592540741, 0.32695192098617554, 0.32695338129997253, 0.3269491195678711], "ir_Irgb": [0.3615466058254242, 0.36154797673225403, 0.3615477979183197, 0.3615461587905884, 0.3615446984767914, 0.3615451157093048, 0.36154985427856445, 0.36154815554618835, 0.3615455627441406, 0.36154696345329285, 0.3615493178367615, 0.36154747009277344, 0.36154723167419434, 0.3615474998950958, 0.36154603958129883, 0.36154720187187195, 0.3615466058254242, 0.3615480065345764, 0.36154797673225403, 0.361547589302063, 0.36154913902282715, 0.36154904961586, 0.361552894115448, 0.3615494966506958, 0.3615480661392212, 0.36154603958129883, 0.3615473806858063, 0.3615474998950958, 0.3615477383136749, 0.36154815554618835, 0.36154603958129883, 0.36154747009277344, 0.3615474998950958, 0.3615451157093048, 0.36154797673225403, 0.3615463972091675, 0.36155033111572266, 0.361547589302063, 0.36154595017433167, 0.36154553294181824, 0.361547589302063, 0.3615449070930481, 0.36154845356941223, 0.3615468740463257, 0.3615468442440033, 0.3615468740463257, 0.36154788732528687, 0.3615494966506958, 0.3615475594997406, 0.3615474998950958], "total_loss": [0.6082125306129456, 0.4551914632320404, 0.4431627690792084, 0.4366963505744934, 0.43308350443840027, 0.4309638440608978, 0.4293862283229828, 0.42825576663017273, 0.42732498049736023, 0.42660731077194214, 0.42598864436149597, 0.42546844482421875, 0.42503073811531067, 0.4246416389942169, 0.4243316650390625, 0.42405247688293457, 0.4238242506980896, 0.42363065481185913, 0.4234336316585541, 0.42327335476875305, 0.42313575744628906, 0.4230228662490845, 0.4229245185852051, 0.42282095551490784, 0.42274367809295654, 0.4226785898208618, 0.42261186242103577, 0.422559529542923, 0.42250731587409973, 0.4224720597267151, 0.42243483662605286, 0.42240452766418457, 0.42237362265586853, 0.42234617471694946, 0.4223311245441437, 0.4223087728023529, 0.42229923605918884, 0.4222792983055115, 0.4222659766674042, 0.42225512862205505, 0.42224791646003723, 0.4222383201122284, 0.4222349226474762, 0.4222262501716614, 0.4222213923931122, 0.4222158193588257, 0.4222143888473511, 0.4222109019756317, 0.42220601439476013, 0.4222046136856079]},