{"model-name": "regressionBlock", "epochs": 30, "resumed_from": null, "train_size": 3462, "test_size": 998, "featureEmbeddingBackBone": null, "predicting_homography": false, "tag_name": "SkyData-regressionBlock-mae_pixel-l2_corners_loss-corners-2-30-421a5ead0a744adca4d4ec1068963554", "per_epoch_metrics": {"backbone_train_loss": {"fir_frgb": [0.3271905481815338, 0.32719022035598755, 0.3271889388561249, 0.32719287276268005, 0.32718971371650696, 0.3271884322166443, 0.3271905481815338, 0.327190101146698, 0.32718849182128906, 0.3271925449371338, 0.3271915316581726, 0.32719072699546814, 0.32718977332115173, 0.32718998193740845, 0.32718995213508606, 0.3271903991699219, 0.3271889090538025, 0.327190101146698, 0.32719072699546814, 0.3271903395652771, 0.32719138264656067, 0.32718828320503235, 0.32719045877456665, 0.3271893262863159, 0.3271881341934204, 0.32718920707702637, 0.32718947529792786, 0.3271922767162323, 0.32719093561172485, 0.3271937370300293], "fir_Iir": [0.35630807280540466, 0.3563079535961151, 0.356306254863739, 0.3563116788864136, 0.3563077747821808, 0.35630688071250916, 0.356308251619339, 0.3563081622123718, 0.3563065230846405, 0.3563109040260315, 0.3563099205493927, 0.35630887746810913, 0.3563072979450226, 0.35630786418914795, 0.3563078045845032, 0.35630837082862854, 0.35630708932876587, 0.35630810260772705, 0.3563084900379181, 0.35630863904953003, 0.35630884766578674, 0.35630595684051514, 0.3563080132007599, 0.3563075065612793, 0.3563053607940674, 0.35630738735198975, 0.35630694031715393, 0.35631048679351807, 0.35630860924720764, 0.3563123941421509], "frgb_Irgb": [0.036054547876119614, 0.036054596304893494, 0.03605426102876663, 0.03605557605624199, 0.03605424240231514, 0.036055006086826324, 0.036054614931344986, 0.03605492040514946, 0.03605450317263603, 0.036055102944374084, 0.03605485334992409, 0.036055102944374084, 0.036054499447345734, 0.036054693162441254, 0.0360545888543129, 0.03605464845895767, 0.03605515509843826, 0.03605496510863304, 0.036054760217666626, 0.036055129021406174, 0.03605438396334648, 0.0360543355345726, 0.03605423867702484, 0.03605496138334274, 0.03605387359857559, 0.03605465963482857, 0.036054350435733795, 0.036054827272892, 0.03605421632528305, 0.036055222153663635], "fir_Irgb": [0.05860063433647156, 0.05859985947608948, 0.05860048532485962, 0.058600425720214844, 0.05859718844294548, 0.058600012212991714, 0.05860067903995514, 0.05860062688589096, 0.05860007926821709, 0.05860046669840813, 0.05859922245144844, 0.05860011279582977, 0.058599814772605896, 0.05860040709376335, 0.05860068276524544, 0.05859971418976784, 0.05860050395131111, 0.05859973654150963, 0.05859995260834694, 0.05860069766640663, 0.05860058218240738, 0.05860082432627678, 0.05860105901956558, 0.05860051140189171, 0.05859882012009621, 0.058599360287189484, 0.05860036611557007, 0.05860045924782753, 0.05860000103712082, 0.05859949812293053], "frgb_Iir": [0.3271905481815338, 0.32719022035598755, 0.3271889388561249, 0.32719287276268005, 0.32718971371650696, 0.3271884322166443, 0.3271905481815338, 0.327190101146698, 0.32718849182128906, 0.3271925449371338, 0.3271915316581726, 0.32719072699546814, 0.32718977332115173, 0.32718998193740845, 0.32718995213508606, 0.3271903991699219, 0.3271889090538025, 0.327190101146698, 0.32719072699546814, 0.3271903395652771, 0.32719138264656067, 0.32718828320503235, 0.32719045877456665, 0.3271893262863159, 0.3271881341934204, 0.32718920707702637, 0.32718947529792786, 0.3271922767162323, 0.32719093561172485, 0.3271937370300293], "ir_Irgb": [0.36154747009277344, 0.36154720187187195, 0.3615456223487854, 0.36155086755752563, 0.36154642701148987, 0.3615458607673645, 0.361547589302063, 0.3615473806858063, 0.3615453839302063, 0.36155012249946594, 0.3615488111972809, 0.3615482449531555, 0.36154666543006897, 0.3615470826625824, 0.36154690384864807, 0.36154744029045105, 0.36154645681381226, 0.3615474998950958, 0.3615477979183197, 0.3615478575229645, 0.36154815554618835, 0.36154496669769287, 0.3615470826625824, 0.36154669523239136, 0.3615444004535675, 0.36154624819755554, 0.36154621839523315, 0.3615494966506958, 0.3615474998950958, 0.361551433801651], "total_loss": [0.4222021698951721, 0.42220115661621094, 0.42220017313957214, 0.4222053289413452, 0.4221975803375244, 0.42219993472099304, 0.42220231890678406, 0.42220211029052734, 0.4221994876861572, 0.4222046136856079, 0.42220208048820496, 0.4222024381160736, 0.4222005307674408, 0.42220157384872437, 0.4222016930580139, 0.4222012162208557, 0.422201007604599, 0.4222012758255005, 0.42220187187194824, 0.42220258712768555, 0.4222027659416199, 0.42219987511634827, 0.4222022593021393, 0.4222013056278229, 0.42219728231430054, 0.42219966650009155, 0.42220062017440796, 0.42220401763916016, 0.42220157384872437, 0.42220497131347656]}, "backbone_test_results": {"fir_frgb": [0.32733154296875, 0.32733580470085144, 0.32732951641082764, 0.32733699679374695, 0.327332466840744, 0.32735106348991394, 0.3273372948169708, 0.32733309268951416, 0.32733553647994995, 0.327341228723526, 0.32732975482940674, 0.3273344933986664, 0.3273286819458008, 0.32733142375946045, 0.3273330628871918, 0.3273310363292694, 0.3273336589336395, 0.32734453678131104, 0.32733288407325745, 0.3273255228996277, 0.3273357152938843, 0.3273255527019501, 0.3273264169692993, 0.3273276090621948, 0.3273467719554901, 0.32733550667762756, 0.3273278772830963, 0.32733044028282166, 0.32733526825904846, 0.3273411989212036], "fir_Iir": [0.3558101952075958, 0.3558192551136017, 0.35581210255622864, 0.3558240830898285, 0.3558148443698883, 0.3558376133441925, 0.3558201491832733, 0.3558194935321808, 0.35582152009010315, 0.35582539439201355, 0.35581210255622864, 0.35581710934638977, 0.3558101952075958, 0.35581088066101074, 0.355817586183548, 0.3558143377304077, 0.3558138608932495, 0.3558294475078583, 0.35581520199775696, 0.35581135749816895, 0.35581961274147034, 0.35581061244010925, 0.3558111786842346, 0.3558092415332794, 0.35583269596099854, 0.3558198809623718, 0.3558114767074585, 0.3558095395565033, 0.35582077503204346, 0.3558238446712494], "frgb_Irgb": [0.0355960950255394, 0.03560035303235054, 0.0355989933013916, 0.035601906478405, 0.03560078144073486, 0.03560565784573555, 0.03560015931725502, 0.03560283035039902, 0.035601116716861725, 0.03560241311788559, 0.03559863939881325, 0.03559931740164757, 0.03559902310371399, 0.03559700399637222, 0.035600580275058746, 0.035599857568740845, 0.03559871390461922, 0.0356033518910408, 0.035599786788225174, 0.035600695759058, 0.035601336508989334, 0.03559990972280502, 0.03560047596693039, 0.0355992391705513, 0.03560386970639229, 0.03560266271233559, 0.035600095987319946, 0.03559626638889313, 0.03560223430395126, 0.03560028225183487], "fir_Irgb": [0.05911684408783913, 0.05911693349480629, 0.05911615118384361, 0.05911726504564285, 0.05911595746874809, 0.0591176338493824, 0.05911436304450035, 0.059117525815963745, 0.059112533926963806, 0.05911627784371376, 0.05911212041974068, 0.059115197509527206, 0.059120453894138336, 0.05911712348461151, 0.05911364033818245, 0.05911437049508095, 0.05911823362112045, 0.0591186098754406, 0.05911821499466896, 0.05911199003458023, 0.05911751091480255, 0.059113338589668274, 0.05911566689610481, 0.0591203011572361, 0.059117600321769714, 0.059118885546922684, 0.05911780893802643, 0.05911954119801521, 0.05911717563867569, 0.05911735072731972], "frgb_Iir": [0.32733154296875, 0.32733580470085144, 0.32732951641082764, 0.32733699679374695, 0.327332466840744, 0.32735106348991394, 0.3273372948169708, 0.32733309268951416, 0.32733553647994995, 0.327341228723526, 0.32732975482940674, 0.3273344933986664, 0.3273286819458008, 0.32733142375946045, 0.3273330628871918, 0.3273310363292694, 0.3273336589336395, 0.32734453678131104, 0.32733288407325745, 0.3273255228996277, 0.3273357152938843, 0.3273255527019501, 0.3273264169692993, 0.3273276090621948, 0.3273467719554901, 0.32733550667762756, 0.3273278772830963, 0.32733044028282166, 0.32733526825904846, 0.3273411989212036],