{"model-name": "regressionBlock", "epochs": 30, "resumed_from": null, "train_size": 3462, "test_size": 998, "featureEmbeddingBackBone": null, "predicting_homography": true, "tag_name": "SkyData-regressionBlock-mae_pixel-l2_homography_loss-homography-2-30-e28b04a14b2a4a78a63065feb5f1189a", "per_epoch_metrics": {"backbone_train_loss": {"fir_frgb": [0.3271925747394562, 0.3271922171115875, 0.32719001173973083, 0.32719025015830994, 0.32718849182128906, 0.32718798518180847, 0.3271900713443756, 0.32718855142593384, 0.3271884620189667, 0.32718947529792786, 0.32719042897224426, 0.32719093561172485, 0.32719019055366516, 0.32718998193740845, 0.32719287276268005, 0.32718998193740845, 0.3271896243095398, 0.3271896541118622, 0.3271888494491577, 0.3271868824958801, 0.3271890878677368, 0.32719096541404724, 0.3271906077861786, 0.32718905806541443, 0.3271898329257965, 0.3271891176700592, 0.32718807458877563, 0.3271906077861786, 0.32718825340270996, 0.3271920680999756], "fir_Iir": [0.35631048679351807, 0.3563103675842285, 0.35630807280540466, 0.3563075065612793, 0.35630667209625244, 0.3563055396080017, 0.3563081622123718, 0.3563068211078644, 0.35630667209625244, 0.356307715177536, 0.35630878806114197, 0.3563084304332733, 0.35630789399147034, 0.35630789399147034, 0.3563111126422882, 0.3563075661659241, 0.35630765557289124, 0.3563074767589569, 0.3563063144683838, 0.35630494356155396, 0.35630688071250916, 0.3563101887702942, 0.3563095033168793, 0.35630688071250916, 0.35630759596824646, 0.35630688071250916, 0.35630571842193604, 0.35630911588668823, 0.3563060462474823, 0.35631123185157776], "frgb_Irgb": [0.03605460003018379, 0.03605523332953453, 0.03605463728308678, 0.03605382889509201, 0.03605438023805618, 0.03605407103896141, 0.03605436161160469, 0.03605510666966438, 0.036054566502571106, 0.03605501353740692, 0.03605521470308304, 0.036054614931344986, 0.03605453297495842, 0.036054421216249466, 0.03605511784553528, 0.03605414554476738, 0.0360543467104435, 0.03605460748076439, 0.03605417534708977, 0.036054827272892, 0.036054566502571106, 0.036055319011211395, 0.036055006086826324, 0.03605469688773155, 0.036054521799087524, 0.03605460375547409, 0.03605439141392708, 0.03605525940656662, 0.03605428710579872, 0.036055438220500946], "fir_Irgb": [0.05859985575079918, 0.05860118567943573, 0.0585988350212574, 0.058599360287189484, 0.05859881266951561, 0.058599621057510376, 0.05859969183802605, 0.058599893003702164, 0.058598581701517105, 0.058599334210157394, 0.05860051512718201, 0.058601051568984985, 0.0586000494658947, 0.05860001593828201, 0.05860086902976036, 0.05859924107789993, 0.05859928950667381, 0.05860000103712082, 0.058599647134542465, 0.05860046669840813, 0.05860127881169319, 0.05859832093119621, 0.05859988182783127, 0.058600347489118576, 0.05859983339905739, 0.05860067158937454, 0.05860086530447006, 0.058599065989255905, 0.058599598705768585, 0.058599669486284256], "frgb_Iir": [0.3271925747394562, 0.3271922171115875, 0.32719001173973083, 0.32719025015830994, 0.32718849182128906, 0.32718798518180847, 0.3271900713443756, 0.32718855142593384, 0.3271884620189667, 0.32718947529792786, 0.32719042897224426, 0.32719093561172485, 0.32719019055366516, 0.32718998193740845, 0.32719287276268005, 0.32718998193740845, 0.3271896243095398, 0.3271896541118622, 0.3271888494491577, 0.3271868824958801, 0.3271890878677368, 0.32719096541404724, 0.3271906077861786, 0.32718905806541443, 0.3271898329257965, 0.3271891176700592, 0.32718807458877563, 0.3271906077861786, 0.32718825340270996, 0.3271920680999756], "ir_Irgb": [0.3615495562553406, 0.36154991388320923, 0.3615470826625824, 0.36154648661613464, 0.3615453243255615, 0.3615444600582123, 0.3615468442440033, 0.36154603958129883, 0.3615454435348511, 0.36154696345329285, 0.3615480363368988, 0.36154794692993164, 0.36154717206954956, 0.3615468144416809, 0.36155033111572266, 0.36154651641845703, 0.36154645681381226, 0.36154666543006897, 0.36154547333717346, 0.361544132232666, 0.36154603958129883, 0.3615487217903137, 0.3615480661392212, 0.3615461587905884, 0.3615468144416809, 0.361546128988266, 0.3615448474884033, 0.3615482747554779, 0.36154496669769287, 0.36154991388320923], "total_loss": [0.4222034811973572, 0.4222051501274109, 0.42219993472099304, 0.42219987511634827, 0.4221981167793274, 0.4221981167793274, 0.42220059037208557, 0.4221999943256378, 0.4221980571746826, 0.4222003221511841, 0.4222026467323303, 0.42220306396484375, 0.4222012162208557, 0.42220091819763184, 0.4222053289413452, 0.4221997857093811, 0.42219969630241394, 0.4222007393836975, 0.4221991002559662, 0.42219865322113037, 0.42220136523246765, 0.42220109701156616, 0.4222019612789154, 0.42220059037208557, 0.42220064997673035, 0.4222008287906647, 0.4221997857093811, 0.42220139503479004, 0.422198623418808, 0.4222036600112915]}, "backbone_test_results": {"fir_frgb": [0.32735055685043335, 0.32733872532844543, 0.3273300230503082, 0.3273232877254486, 0.32732081413269043, 0.32732993364334106, 0.32732900977134705, 0.32732486724853516, 0.3273364007472992, 0.32733479142189026, 0.32733333110809326, 0.32733604311943054, 0.32732877135276794, 0.32733502984046936, 0.32733339071273804, 0.3273409605026245, 0.32734984159469604, 0.3273267149925232, 0.32732513546943665, 0.3273428678512573, 0.32733142375946045, 0.32734522223472595, 0.3273426294326782, 0.3273538649082184, 0.32732513546943665, 0.32733672857284546, 0.32733166217803955, 0.3273223638534546, 0.3273426294326782, 0.3273325264453888], "fir_Iir": [0.35583630204200745, 0.35582467913627625, 0.3558126986026764, 0.3558069169521332, 0.35580629110336304, 0.3558107316493988, 0.3558123707771301, 0.35580873489379883, 0.35581982135772705, 0.35582101345062256, 0.3558151423931122, 0.35581716895103455, 0.35581138730049133, 0.3558156490325928, 0.355814665555954, 0.3558245599269867, 0.3558366894721985, 0.3558114767074585, 0.3558078110218048, 0.35582441091537476, 0.35581594705581665, 0.35583311319351196, 0.35582706332206726, 0.35584157705307007, 0.3558081090450287, 0.3558191955089569, 0.3558136224746704, 0.3558061420917511, 0.3558257818222046, 0.3558180332183838], "frgb_Irgb": [0.03560392186045647, 0.03560451790690422, 0.035598814487457275, 0.035599835216999054, 0.03559986874461174, 0.03559811785817146, 0.03560090437531471, 0.03559994697570801, 0.03560139238834381, 0.03560172766447067, 0.03559931367635727, 0.03560015186667442, 0.035600244998931885, 0.03559869900345802, 0.03559860214591026, 0.0356014184653759, 0.03560538589954376, 0.035601574927568436, 0.03560001030564308, 0.035600192844867706, 0.03559990972280502, 0.03560588136315346, 0.0356038399040699, 0.035605452954769135, 0.03560086339712143, 0.0356002151966095, 0.035599831491708755, 0.035599611699581146, 0.035601574927568436, 0.03560220077633858], "fir_Irgb": [0.059118304401636124, 0.05912292003631592, 0.059116948395967484, 0.059114836156368256, 0.059112366288900375, 0.05911760777235031, 0.0591193251311779, 0.05911705270409584, 0.05911121889948845, 0.0591159425675869, 0.05911979824304581, 0.05912097916007042, 0.05912264809012413, 0.05912149325013161, 0.05912066623568535, 0.059119727462530136, 0.05912328511476517, 0.05911817401647568, 0.059120502322912216, 0.05912351980805397, 0.05911365896463394, 0.059121355414390564, 0.05911889299750328, 0.05911737680435181, 0.05912180617451668, 0.05911778658628464, 0.059120528399944305, 0.05911882594227791, 0.05912148579955101, 0.05911378189921379], "frgb_Iir": [0.32735055685043335, 0.32733872532844543, 0.3273300230503082, 0.3273232877254486, 0.32732081413269043, 0.32732993364334106, 0.32732900977134705, 0.32732486724853516, 0.3273364007472992, 0.32733479142189026, 0.32733333110809326, 0.32733604311943054, 0.32732877135276794, 0.32733502984046936, 0.32733339071273804, 0.3273409605026245, 0.32734984159469604, 0.3273267149925232, 0.32732513546943665, 0.3273428678512573, 0.32733142375946045, 0.32734522223472595, 0.3273426294326782, 0.3273538649082184, 0.32732513546943665, 0.32733672857284546, 0.32733166217803955, 0.3273223638534546, 0.3273426294326782, 0.3273325264453888],