{"model-name": "featureEmbeddingBackbone", "epochs": 50, "loss_function": "sse_pixel", "resumed_from": null, "train_size": 3462, "test_size": 998, "tag_name": "SkyData-sse_pixel-featureEmbeddingBackbone-1-50-c139e1fb63f240789439f2bfc7cba603", "per_epoch_metrics": {"train_loss": {"fir_frgb": [36848.81640625, 36697.99609375, 36363.1015625, 33570.60546875, 33622.16015625, 33169.6796875, 31854.296875, 30988.029296875, 30705.66796875, 30724.17578125, 30578.29296875, 30349.814453125, 31109.236328125, 31991.3984375, 31327.771484375, 31120.05078125, 30804.779296875, 30392.32421875, 30147.017578125, 30033.14453125, 29841.58984375, 29709.046875, 29538.029296875, 29358.220703125, 29069.15234375, 28967.46875, 28832.494140625, 28728.0234375, 28608.6015625, 28485.421875, 28410.3984375, 28324.30078125, 28219.6328125, 28202.560546875, 28119.34765625, 28078.8359375, 28057.71484375, 27991.796875, 27971.638671875, 27920.25390625, 27911.390625, 27877.95703125, 27863.267578125, 27848.85546875, 27815.3671875, 27806.8671875, 27779.689453125, 27774.099609375, 27775.408203125, 27752.5], "fir_Iir": [63170.3125, 61262.78125, 61519.953125, 61399.875, 60917.375, 61052.7890625, 61285.8515625, 61064.4296875, 61396.92578125, 61458.28125, 62028.3125, 61979.57421875, 61995.17578125, 62233.88671875, 62057.34375, 62039.1640625, 61915.83984375, 62114.21875, 61968.79296875, 61884.1171875, 62211.01171875, 62115.30859375, 62217.34375, 62086.3671875, 62182.359375, 62249.86328125, 62368.25390625, 62314.9453125, 62357.62109375, 62328.3828125, 62301.796875, 62327.51953125, 62266.59375, 62367.64453125, 62320.3515625, 62346.921875, 62327.54296875, 62378.21484375, 62400.88671875, 62406.70703125, 62422.48828125, 62356.47265625, 62386.140625, 62426.96875, 62393.5546875, 62393.9453125, 62396.23828125, 62365.00390625, 62388.55078125, 62378.88671875], "frgb_Irgb": [19350.330078125, 19013.0703125, 18800.263671875, 16522.494140625, 16899.701171875, 16111.6396484375, 15638.2470703125, 14996.41015625, 14960.5888671875, 14945.224609375, 14939.6083984375, 14910.955078125, 15242.513671875, 15188.56640625, 14885.9921875, 14774.0078125, 14767.16796875, 14571.7177734375, 14583.4619140625, 14515.5205078125, 14507.326171875, 14538.73828125, 14571.166015625, 14542.0244140625, 14586.2255859375, 14616.115234375, 14613.32421875, 14584.529296875, 14605.0048828125, 14625.9853515625, 14657.310546875, 14646.904296875, 14640.8330078125, 14631.044921875, 14613.9130859375, 14641.3046875, 14614.5546875, 14637.462890625, 14625.671875, 14647.7490234375, 14635.66015625, 14642.66796875, 14639.00390625, 14630.7138671875, 14648.1455078125, 14647.7939453125, 14656.73046875, 14654.7783203125, 14641.3681640625, 14659.1484375], "fir_Irgb": [17945.4140625, 14517.283203125, 13789.17578125, 13565.986328125, 12677.75390625, 12621.5712890625, 12221.7685546875, 11746.044921875, 11330.404296875, 10205.791015625, 10400.9931640625, 10458.4609375, 10334.509765625, 10223.26171875, 9647.181640625, 9382.15234375, 9206.279296875, 9003.025390625, 8726.951171875, 8497.4443359375, 8305.1591796875, 8146.86669921875, 7984.478515625, 7833.94091796875, 7695.65185546875, 7574.96337890625, 7506.59716796875, 7437.322265625, 7344.63330078125, 7281.61181640625, 7215.22021484375, 7175.0732421875, 7128.5244140625, 7107.25048828125, 7072.80517578125, 7044.8984375, 7021.421875, 7000.158203125, 6981.5458984375, 6967.64697265625, 6956.3984375, 6949.49853515625, 6935.5166015625, 6926.33544921875, 6920.015625, 6915.0283203125, 6908.7529296875, 6905.263671875, 6899.1923828125, 6896.494140625], "frgb_Iir": [36848.81640625, 36697.99609375, 36363.1015625, 33570.60546875, 33622.16015625, 33169.6796875, 31854.296875, 30988.029296875, 30705.66796875, 30724.17578125, 30578.29296875, 30349.814453125, 31109.236328125, 31991.3984375, 31327.771484375, 31120.05078125, 30804.779296875, 30392.32421875, 30147.017578125, 30033.14453125, 29841.58984375, 29709.046875, 29538.029296875, 29358.220703125, 29069.15234375, 28967.46875, 28832.494140625, 28728.0234375, 28608.6015625, 28485.421875, 28410.3984375, 28324.30078125, 28219.6328125, 28202.560546875, 28119.34765625, 28078.8359375, 28057.71484375, 27991.796875, 27971.638671875, 27920.25390625, 27911.390625, 27877.95703125, 27863.267578125, 27848.85546875, 27815.3671875, 27806.8671875, 27779.689453125, 27774.099609375, 27775.408203125, 27752.5], "ir_Irgb": [69295.828125, 69296.2109375, 69296.25, 69296.4453125, 69296.4296875, 69297.671875, 69297.4453125, 69296.796875, 69296.6484375, 69296.71875, 69296.515625, 69296.7109375, 69296.421875, 69295.796875, 69297.625, 69296.4453125, 69296.4609375, 69297.078125, 69297.234375, 69296.390625, 69295.90625, 69295.7578125, 69297.4765625, 69296.8203125, 69295.8828125, 69297.2421875, 69296.7109375, 69297.25, 69296.453125, 69297.515625, 69295.7109375, 69296.203125, 69296.5, 69295.34375, 69297.046875, 69297.09375, 69296.65625, 69296.421875, 69296.8359375, 69296.671875, 69296.4453125, 69297.3203125, 69296.7890625, 69296.1015625, 69295.8359375, 69296.5234375, 69297.46875, 69296.875, 69296.59375, 69296.6875], "total_loss": [74207.734375, 70289.625, 69014.0703125, 63720.5, 63260.54296875, 61963.953125, 59775.61328125, 57791.5625, 57058.0703125, 55936.66015625, 55980.9296875, 55781.21875, 56748.265625, 57465.46875, 55923.01171875, 55338.26171875, 54840.15234375, 54029.19140625, 53519.41015625, 53108.0078125, 52716.29296875, 52456.77734375, 52155.90234375, 51796.28125, 51413.22265625, 51220.8046875, 51014.79296875, 50812.19921875, 50620.609375, 50455.359375, 50345.23828125, 50208.61328125, 50051.26171875, 50003.234375, 49868.39453125, 49827.390625, 49756.03125, 49691.8046875, 49641.265625, 49598.06640625, 49565.8828125, 49532.48828125, 49500.18359375, 49468.33984375, 49445.93359375, 49432.09375, 49407.578125, 49396.515625, 49378.37109375, 49370.52734375]}, "test_results": {"fir_frgb": [40652.16015625, 51138.27734375, 32342.7578125, 35795.875, 30702.98046875, 30123.615234375, 30900.1171875, 30629.634765625, 32099.271484375, 32086.107421875, 31493.146484375, 31494.38671875, 30895.197265625, 33061.0546875, 27849.947265625, 31057.775390625, 30446.61328125, 29767.275390625, 30825.234375, 30757.4765625, 31328.86328125, 30364.7890625, 29929.673828125, 29263.595703125, 28119.103515625, 28512.68359375, 27243.74609375, 28009.4140625, 30388.5078125, 28159.021484375, 26775.283203125, 28718.244140625, 27348.349609375, 27743.20703125, 28234.958984375, 29322.1015625, 28061.361328125, 27787.009765625, 27534.220703125, 29035.83984375, 27611.87890625, 27539.951171875, 28125.3203125, 28222.45703125, 28441.3671875, 28113.38671875, 28102.486328125, 28351.5234375, 27960.705078125, 28144.173828125], "fir_Iir": [53924.046875, 66766.96875, 54013.40234375, 79413.2890625, 53431.60546875, 53766.27734375, 53611.16796875, 64173.15625, 60046.63671875, 67121.4375, 70488.21875, 62184.64453125, 65567.890625, 54541.07421875, 57072.1875, 61018.8359375, 55184.55859375, 58800.50390625, 62638.92578125, 55959.0703125, 65132.1875, 63040.18359375, 60769.9140625, 62101.40625, 61916.47265625, 62722.71875, 59516.6953125, 59422.33984375, 62191.86328125, 65107.33984375, 62342.140625, 61776.31640625, 61978.87109375, 61819.7578125, 61757.11328125, 62968.3515625, 62269.64453125, 62282.8046875, 61777.70703125, 62703.87109375, 62848.984375, 61630.046875, 62685.56640625, 61595.42578125, 62125.05859375, 62699.57421875, 61494.4453125, 61847.6328125, 62517.4921875, 62192.63671875],