{"model-name": "regressionBlock", "epochs": 30, "resumed_from": null, "train_size": 3462, "test_size": 998, "featureEmbeddingBackBone": null, "predicting_homography": false, "tag_name": "SkyData-regressionBlock-sse_pixel-l2_corners_loss-corners-2-30-70cddfcb182143408a9b4b78c6c976d8", "per_epoch_metrics": {"backbone_train_loss": {"fir_frgb": [27955.94140625, 27955.189453125, 27955.328125, 27954.884765625, 27955.58203125, 27955.7578125, 27955.54296875], "fir_Iir": [62487.71875, 62487.1015625, 62487.109375, 62486.6015625, 62487.6796875, 62487.46875, 62487.29296875], "frgb_Irgb": [14439.0849609375, 14438.79296875, 14438.96484375, 14438.7275390625, 14438.8857421875, 14438.82421875, 14438.86328125], "fir_Irgb": [6887.79541015625, 6887.43017578125, 6887.73193359375, 6887.50390625, 6887.52392578125, 6887.5771484375, 6887.64013671875], "frgb_Iir": [27955.94140625, 27955.189453125, 27955.328125, 27954.884765625, 27955.58203125, 27955.7578125, 27955.54296875], "ir_Irgb": [69297.5234375, 69296.09375, 69296.5703125, 69295.6015625, 69296.71875, 69296.71875, 69296.4921875], "total_loss": [49345.3203125, 49343.9140625, 49344.51953125, 49343.61328125, 49344.48828125, 49344.65625, 49344.5390625]}, "backbone_test_results": {"fir_frgb": [28142.501953125, 28143.994140625, 28144.810546875, 28143.923828125, 28143.51171875, 28141.478515625, 28140.58203125], "fir_Iir": [62193.5234375, 62193.12890625, 62193.8359375, 62192.94921875, 62192.109375, 62191.19140625, 62190.71484375], "frgb_Irgb": [14316.2099609375, 14316.6494140625, 14316.7822265625, 14316.798828125, 14316.830078125, 14317.15234375, 14315.439453125], "fir_Irgb": [6965.4560546875, 6966.9306640625, 6966.7744140625, 6967.3115234375, 6966.84375, 6966.48876953125, 6964.7802734375], "frgb_Iir": [28142.501953125, 28143.994140625, 28144.810546875, 28143.923828125, 28143.51171875, 28141.478515625, 28140.58203125], "ir_Irgb": [69176.46875, 69177.6484375, 69178.9453125, 69178.609375, 69177.1484375, 69175.1640625, 69171.0], "total_loss": [49486.3671875, 49489.78125, 49490.5703125, 49490.23828125, 49489.38671875, 49487.3203125, 49483.00390625]}, "train_loss": {"l1_homography_loss": [0.0, 0.0, 0.0, 0.0, 0.0, 0.0, 0.0], "l2_homography_loss": [0.0, 0.0, 0.0, 0.0, 0.0, 0.0, 0.0], "l1_corners_loss": [23.72090721130371, 19.96668243408203, 21.676870346069336, 20.430801391601562, 18.66754150390625, 18.901826858520508, 19.166276931762695], "l2_corners_loss": [1702.6883544921875, 661.5471801757812, 737.8742065429688, 668.5731811523438, 520.5001220703125, 534.9993286132812, 554.7991333007812], "total_loss": [1702.6883544921875, 661.5471801757812, 737.8742065429688, 668.5731811523438, 520.5001220703125, 534.9993286132812, 554.7991333007812]}, "test_results": {"l1_homography_loss": [0.0, 0.0, 0.0, 0.0, 0.0, 0.0, 0.0], "l2_homography_loss": [0.0, 0.0, 0.0, 0.0, 0.0, 0.0, 0.0], "l1_corners_loss": [25.294170379638672, 16.29550552368164, 25.974407196044922, 18.3364315032959, 42.81325912475586, 21.56495475769043, 17.316265106201172], "l2_corners_loss": [938.3478393554688, 360.8691711425781, 986.06103515625, 490.9045104980469, 2668.480224609375, 692.6368408203125, 429.06121826171875], "total_loss": [938.3478393554688, 360.8691711425781, 986.06103515625, 490.9045104980469, 2668.480224609375, 692.6368408203125, 429.06121826171875]}}, "training_time": "20.36 hours", "featureEmbeddingBackbone": "models/SkyData/sse_pixel/SkyData-sse_pixel-featureEmbeddingBackbone-1-50-c139e1fb63f240789439f2bfc7cba603-6.keras"}