{"model-name": "regressionBlock", "epochs": 30, "resumed_from": null, "train_size": 3462, "test_size": 998, "featureEmbeddingBackBone": null, "predicting_homography": true, "tag_name": "SkyData-regressionBlock-ssim_pixel-l2_homography_loss-homography-2-30-eeb0ee677ae8432198684a3213f0003f", "per_epoch_metrics": {"backbone_train_loss": {"fir_frgb": [0.7087820768356323, 0.7087729573249817, 0.7087741494178772, 0.708767831325531, 0.7087770700454712, 0.708771824836731, 0.7087715268135071, 0.7087755799293518, 0.7087700366973877, 0.7087742686271667, 0.708771824836731, 0.7087678909301758, 0.7087670564651489, 0.708773672580719, 0.7087734341621399, 0.7087722420692444, 0.7087751626968384, 0.7087768316268921, 0.7087724208831787, 0.7087740898132324, 0.7087741494178772, 0.708764910697937, 0.708774209022522, 0.7087740898132324, 0.7087674736976624, 0.7087741494178772, 0.708770215511322, 0.7087695598602295, 0.7087770700454712, 0.7087732553482056], "fir_Iir": [0.8384513854980469, 0.8384398221969604, 0.8384433388710022, 0.8384392857551575, 0.8384414315223694, 0.8384427428245544, 0.8384379744529724, 0.8384436964988708, 0.8384395241737366, 0.8384419083595276, 0.8384413719177246, 0.8384360074996948, 0.8384384512901306, 0.8384428024291992, 0.8384440541267395, 0.838442325592041, 0.838444709777832, 0.8384440541267395, 0.8384389281272888, 0.8384428024291992, 0.83844393491745, 0.8384332060813904, 0.8384437561035156, 0.8384392261505127, 0.8384363651275635, 0.8384401798248291, 0.8384385704994202, 0.8384345173835754, 0.8384447693824768, 0.8384408354759216], "frgb_Irgb": [0.08728224784135818, 0.08728048205375671, 0.08728186786174774, 0.08728295564651489, 0.08727932721376419, 0.08728214353322983, 0.08728072047233582, 0.08728161454200745, 0.08728170394897461, 0.08728062361478806, 0.08728151023387909, 0.08728156983852386, 0.08728259801864624, 0.08728105574846268, 0.08728257566690445, 0.08728256821632385, 0.08728240430355072, 0.08728069067001343, 0.0872812271118164, 0.08728132396936417, 0.08728103339672089, 0.08728154003620148, 0.08728251606225967, 0.08728032559156418, 0.08728142082691193, 0.08728092908859253, 0.08728143572807312, 0.0872802659869194, 0.08728117495775223, 0.08728073537349701], "fir_Irgb": [0.27524808049201965, 0.27524542808532715, 0.27523818612098694, 0.2752389907836914, 0.27523890137672424, 0.2752377688884735, 0.2752397954463959, 0.27524250745773315, 0.2752414345741272, 0.2752416729927063, 0.27523353695869446, 0.27523961663246155, 0.2752394378185272, 0.27523353695869446, 0.2752446234226227, 0.27524086833000183, 0.27523916959762573, 0.27524465322494507, 0.2752454876899719, 0.27524012327194214, 0.27523073554039, 0.27523478865623474, 0.27524134516716003, 0.27524280548095703, 0.27523449063301086, 0.27524489164352417, 0.2752412259578705, 0.27524152398109436, 0.27524319291114807, 0.2752414643764496], "frgb_Iir": [0.7087820768356323, 0.7087729573249817, 0.7087741494178772, 0.708767831325531, 0.7087770700454712, 0.708771824836731, 0.7087715268135071, 0.7087755799293518, 0.7087700366973877, 0.7087742686271667, 0.708771824836731, 0.7087678909301758, 0.7087670564651489, 0.708773672580719, 0.7087734341621399, 0.7087722420692444, 0.7087751626968384, 0.7087768316268921, 0.7087724208831787, 0.7087740898132324, 0.7087741494178772, 0.708764910697937, 0.708774209022522, 0.7087740898132324, 0.7087674736976624, 0.7087741494178772, 0.708770215511322, 0.7087695598602295, 0.7087770700454712, 0.7087732553482056], "ir_Irgb": [0.8556012511253357, 0.8555907011032104, 0.8555946946144104, 0.8555904626846313, 0.8555923104286194, 0.855593204498291, 0.8555896282196045, 0.8555945158004761, 0.8555907607078552, 0.8555923700332642, 0.8555924892425537, 0.8555878400802612, 0.8555893898010254, 0.8555934429168701, 0.8555943965911865, 0.855593740940094, 0.8555963635444641, 0.8555945158004761, 0.8555908203125, 0.8555935621261597, 0.8555948138237, 0.8555855751037598, 0.8555948138237, 0.8555908799171448, 0.8555881977081299, 0.855591893196106, 0.8555901646614075, 0.8555862307548523, 0.855596125125885, 0.8555919528007507], "total_loss": [1.0721510648727417, 1.0721375942230225, 1.07213294506073, 1.072128415107727, 1.0721338987350464, 1.0721303224563599, 1.072130799293518, 1.0721384286880493, 1.072131872177124, 1.072135329246521, 1.0721255540847778, 1.0721276998519897, 1.0721278190612793, 1.0721269845962524, 1.0721393823623657, 1.0721344947814941, 1.0721354484558105, 1.0721408128738403, 1.072137713432312, 1.072134256362915, 1.0721246004104614, 1.072119951248169, 1.0721367597579956, 1.0721359252929688, 1.0721219778060913, 1.0721386671066284, 1.0721315145492554, 1.0721300840377808, 1.072140097618103, 1.072134017944336]}, "backbone_test_results": {"fir_frgb": [0.7055701613426208, 0.7055642008781433, 0.7055484652519226, 0.705563485622406, 0.7055785059928894, 0.7055719494819641, 0.7055663466453552, 0.7055982351303101, 0.705561637878418, 0.705560028553009, 0.7055965662002563, 0.7055586576461792, 0.7055841088294983, 0.7055720090866089, 0.705586314201355, 0.7055419087409973, 0.7055215239524841, 0.7055599093437195, 0.7055453658103943, 0.7055844664573669, 0.7055460214614868, 0.7055586576461792, 0.7055563926696777, 0.7055885195732117, 0.7055730223655701, 0.7055349946022034, 0.7055578231811523, 0.7055452466011047, 0.705543041229248, 0.7055708765983582], "fir_Iir": [0.8338995575904846, 0.8338991403579712, 0.833873987197876, 0.8339027166366577, 0.8339095115661621, 0.8339179754257202, 0.8339084982872009, 0.833951473236084, 0.8338974118232727, 0.8339024186134338, 0.8339344263076782, 0.8338834047317505, 0.8339164853096008, 0.8338984847068787, 0.8339277505874634, 0.8338820934295654, 0.8338831663131714, 0.8339040279388428, 0.8338853120803833, 0.8339036703109741, 0.8338807821273804, 0.8338805437088013, 0.8339004516601562, 0.8339318037033081, 0.8339264988899231, 0.8338643312454224, 0.8339018225669861, 0.8339027166366577, 0.8338847756385803, 0.8339112997055054], "frgb_Irgb": [0.087158203125, 0.08716361224651337, 0.08715847879648209, 0.08716592937707901, 0.08715997636318207, 0.08716827630996704, 0.08716344833374023, 0.08717215061187744, 0.08716188371181488, 0.08716748654842377, 0.08716558665037155, 0.08715733885765076, 0.08716211467981339, 0.0871601328253746, 0.08716809749603271, 0.08716391772031784, 0.08717376738786697, 0.08716637641191483, 0.08716491609811783, 0.08715800195932388, 0.08716540038585663, 0.08715678006410599, 0.08716511726379395, 0.08716382831335068, 0.08716882765293121, 0.08716080337762833, 0.0871664509177208, 0.08716921508312225, 0.08716638386249542, 0.08716165274381638], "fir_Irgb": [0.27351871132850647, 0.27351683378219604, 0.2735636234283447, 0.2735593318939209, 0.27354696393013, 0.2735331952571869, 0.27353185415267944, 0.2735467255115509, 0.2735408544540405, 0.2735042870044708, 0.27358320355415344, 0.2735651433467865, 0.27356722950935364, 0.27355509996414185, 0.2735811173915863, 0.27352598309516907, 0.27348074316978455, 0.27354592084884644, 0.2735334634780884, 0.2735748887062073, 0.27353549003601074, 0.2735450863838196, 0.2735137641429901, 0.2735286355018616, 0.2735198140144348, 0.2735212743282318, 0.2735104560852051, 0.27347952127456665, 0.27357378602027893, 0.27352091670036316], "frgb_Iir": [0.7055701613426208, 0.7055642008781433, 0.7055484652519226, 0.705563485622406, 0.7055785059928894, 0.7055719494819641, 0.7055663466453552, 0.7055982351303101, 0.705561637878418, 0.705560028553009, 0.7055965662002563, 0.7055586576461792, 0.7055841088294983, 0.7055720090866089, 0.705586314201355, 0.7055419087409973, 0.7055215239524841, 0.7055599093437195, 0.7055453658103943, 0.7055844664573669, 0.7055460214614868, 0.7055586576461792, 0.7055563926696777, 0.7055885195732117, 0.7055730223655701, 0.7055349946022034, 0.7055578231811523, 0.7055452466011047, 0.705543041229248, 0.7055708765983582],