{"model-name": "regressionBlock", "epochs": 3, "resumed_from": null, "train_size": 13850, "test_size": 3995, "featureEmbeddingBackBone": null, "predicting_homography": true, "tag_name": "SkyData-regressionBlock-homography-2-3-c3e9b4492bbc4e75b9d719eefa4e3bc2", "per_epoch_metrics": {"backbone_train_loss": {"fir_frgb": [7004.0556640625, 7433.08642578125, 8589.8369140625], "fir_Iir": [34883.6171875, 34514.52734375, 34414.0625], "frgb_Irgb": [6922.359375, 7420.5478515625, 8003.798828125], "fir_Irgb": [21098.5546875, 22032.07421875, 22609.158203125], "frgb_Iir": [7004.0556640625, 7433.08642578125, 8589.8369140625], "ir_Irgb": [21158.75390625, 22595.13671875, 25432.5390625], "total_loss": [35059.85546875, 36920.2265625, 39237.2109375]}, "backbone_test_results": {"fir_frgb": [6772.4404296875, 7438.82373046875, 7956.00244140625], "fir_Iir": [35058.1171875, 37684.9921875, 35379.21875], "frgb_Irgb": [6483.70849609375, 7136.90478515625, 6314.2587890625], "fir_Irgb": [24684.609375, 20640.44921875, 25808.515625], "frgb_Iir": [6772.4404296875, 7438.82373046875, 7956.00244140625], "ir_Irgb": [19606.31640625, 23490.029296875, 21169.314453125], "total_loss": [37975.8203125, 35253.8671875, 40114.15625]}, "train_loss": {"l1_homography_loss": [7.337029457092285, 7.61782169342041, 7.364343643188477], "l2_homography_loss": [307.969970703125, 312.7994384765625, 290.3730163574219], "l1_corners_loss": [95.64224243164062, 96.37770080566406, 95.86567687988281], "l2_corners_loss": [13635.1357421875, 13607.841796875, 13495.5791015625], "total_loss": [307.969970703125, 312.7994384765625, 290.3730163574219]}, "test_results": {"l1_homography_loss": [8.656728744506836, 7.092326641082764, 6.653633117675781], "l2_homography_loss": [381.439208984375, 290.4630126953125, 264.3804931640625], "l1_corners_loss": [96.68624877929688, 95.42355346679688, 94.24705505371094], "l2_corners_loss": [13469.76953125, 13612.095703125, 13079.87890625], "total_loss": [381.439208984375, 290.4630126953125, 264.3804931640625]}}, "training_time": "0.02 hours", "featureEmbeddingBackbone": "models/SkyData/featureEmbeddingBackBone-c3e9b4492bbc4e75b9d719eefa4e3bc2-1.keras"}