{"model-name": "regressionBlock", "epochs": 30, "resumed_from": null, "train_size": 3462, "test_size": 998, "featureEmbeddingBackBone": null, "predicting_homography": true, "tag_name": "SkyData-regressionBlock-mse_pixel-l2_homography_loss-homography-2-30-f70c6c28539e48ebb50d624f327db77c", "per_epoch_metrics": {"backbone_train_loss": {"fir_frgb": [0.048466913402080536, 0.048466093838214874, 0.04846695810556412, 0.048466771841049194, 0.04846715182065964, 0.04846659302711487, 0.04846741631627083, 0.048467617481946945, 0.04846680164337158, 0.04846589267253876, 0.048467006534338, 0.048466846346855164, 0.04846624284982681, 0.04846667870879173, 0.04846705496311188, 0.048466756939888, 0.048466600477695465, 0.04846673458814621, 0.048466555774211884, 0.048466842621564865, 0.048465948551893234, 0.048466961830854416, 0.04846629500389099, 0.048466555774211884, 0.04846738651394844, 0.048466481268405914, 0.048467352986335754, 0.04846666008234024, 0.04846617206931114, 0.04846694692969322], "fir_Iir": [0.1686829775571823, 0.16868147253990173, 0.16868336498737335, 0.16868287324905396, 0.16868412494659424, 0.16868211328983307, 0.16868510842323303, 0.1686856597661972, 0.1686829924583435, 0.16868139803409576, 0.1686839610338211, 0.1686825305223465, 0.16868099570274353, 0.16868220269680023, 0.16868336498737335, 0.16868431866168976, 0.16868193447589874, 0.16868272423744202, 0.16868264973163605, 0.1686832755804062, 0.16868095099925995, 0.16868455708026886, 0.16868136823177338, 0.16868294775485992, 0.16868498921394348, 0.16868166625499725, 0.16868498921394348, 0.1686829924583435, 0.16868160665035248, 0.16868364810943604], "frgb_Irgb": [0.04301038756966591, 0.04301002249121666, 0.04301042854785919, 0.04301042482256889, 0.04301061853766441, 0.04301004856824875, 0.043010812252759933, 0.04301111027598381, 0.04301039129495621, 0.043009668588638306, 0.0430106483399868, 0.04301021620631218, 0.04300973191857338, 0.0430101715028286, 0.04301042854785919, 0.04301060363650322, 0.04301009699702263, 0.04301028698682785, 0.043010178953409195, 0.04301029443740845, 0.04300971329212189, 0.04301052540540695, 0.04300981014966965, 0.043010249733924866, 0.04301070794463158, 0.0430099256336689, 0.0430108867585659, 0.04301033914089203, 0.04300988093018532, 0.043010443449020386], "fir_Irgb": [0.007306222338229418, 0.007305758073925972, 0.007305903360247612, 0.007306083105504513, 0.007305958773940802, 0.007305989507585764, 0.007305948529392481, 0.007306235376745462, 0.007306047715246677, 0.00730546098202467, 0.007306040730327368, 0.007306171115487814, 0.007305897772312164, 0.007306101731956005, 0.007306222803890705, 0.0073056877590715885, 0.007306199055165052, 0.00730609567835927, 0.007305786479264498, 0.007305794395506382, 0.007305651903152466, 0.007305718958377838, 0.007306022569537163, 0.007305596023797989, 0.007306008134037256, 0.0073059299029409885, 0.007305911276489496, 0.007305900100618601, 0.007305751089006662, 0.007306056097149849], "frgb_Iir": [0.048466913402080536, 0.048466093838214874, 0.04846695810556412, 0.048466771841049194, 0.04846715182065964, 0.04846659302711487, 0.04846741631627083, 0.048467617481946945, 0.04846680164337158, 0.04846589267253876, 0.048467006534338, 0.048466846346855164, 0.04846624284982681, 0.04846667870879173, 0.04846705496311188, 0.048466756939888, 0.048466600477695465, 0.04846673458814621, 0.048466555774211884, 0.048466842621564865, 0.048465948551893234, 0.048466961830854416, 0.04846629500389099, 0.048466555774211884, 0.04846738651394844, 0.048466481268405914, 0.048467352986335754, 0.04846666008234024, 0.04846617206931114, 0.04846694692969322], "ir_Irgb": [0.17623060941696167, 0.1762286275625229, 0.17623081803321838, 0.1762305647134781, 0.1762317270040512, 0.17622940242290497, 0.17623257637023926, 0.17623353004455566, 0.1762305200099945, 0.1762273609638214, 0.17623159289360046, 0.17623008787631989, 0.17622800171375275, 0.1762298345565796, 0.17623090744018555, 0.17623110115528107, 0.17622946202754974, 0.17623011767864227, 0.17622970044612885, 0.1762305200099945, 0.17622768878936768, 0.1762312352657318, 0.17622825503349304, 0.17622986435890198, 0.17623239755630493, 0.176228865981102, 0.17623265087604523, 0.17623046040534973, 0.1762286126613617, 0.1762309968471527], "total_loss": [0.09895232319831848, 0.09895067662000656, 0.09895209223031998, 0.09895207732915878, 0.0989525318145752, 0.09895142912864685, 0.09895298629999161, 0.09895376861095428, 0.0989520475268364, 0.09894981980323792, 0.09895249456167221, 0.0989520400762558, 0.09895068407058716, 0.09895174950361252, 0.0989525094628334, 0.09895185381174088, 0.09895169734954834, 0.09895191341638565, 0.09895133227109909, 0.09895173460245132, 0.09895011782646179, 0.09895200282335281, 0.09895092993974686, 0.09895121306180954, 0.09895290434360504, 0.09895113855600357, 0.09895296394824982, 0.09895170480012894, 0.09895059466362, 0.09895225614309311]}, "backbone_test_results": {"fir_frgb": [0.0484246127307415, 0.04842297360301018, 0.04842710867524147, 0.04842573031783104, 0.048423945903778076, 0.048423971980810165, 0.04842201620340347, 0.048426784574985504, 0.04842311888933182, 0.04842425882816315, 0.04842705279588699, 0.048426318913698196, 0.04842492192983627, 0.04842342808842659, 0.04842405021190643, 0.04842787981033325, 0.04842476174235344, 0.04842314124107361, 0.04842590168118477, 0.048424262553453445, 0.048426978290081024, 0.0484229177236557, 0.048423804342746735, 0.048427119851112366, 0.04842613637447357, 0.04842352494597435, 0.04842893034219742, 0.04842580854892731, 0.04842676967382431, 0.048424605280160904], "fir_Iir": [0.16815227270126343, 0.16815045475959778, 0.1681605875492096, 0.1681552231311798, 0.16815239191055298, 0.1681516170501709, 0.1681469976902008, 0.1681591123342514, 0.16815225780010223, 0.1681496649980545, 0.16815897822380066, 0.16815748810768127, 0.16815343499183655, 0.1681482493877411, 0.16815103590488434, 0.16816429793834686, 0.16815298795700073, 0.16814883053302765, 0.16815845668315887, 0.16815219819545746, 0.16815826296806335, 0.16814735531806946, 0.1681501716375351, 0.16815873980522156, 0.16815772652626038, 0.16814903914928436, 0.1681666523218155, 0.16815830767154694, 0.16815932095050812, 0.16815336048603058], "frgb_Irgb": [0.04293138161301613, 0.04293084517121315, 0.04293326288461685, 0.042931798845529556, 0.04293058440089226, 0.0429316945374012, 0.04292983189225197, 0.04293278604745865, 0.04293143004179001, 0.042930785566568375, 0.042933493852615356, 0.042932961136102676, 0.04293156787753105, 0.04293054714798927, 0.042930565774440765, 0.04293423146009445, 0.04293190315365791, 0.04293002933263779, 0.04293200373649597, 0.04293176159262657, 0.04293299466371536, 0.0429302453994751, 0.04293019697070122, 0.04293247312307358, 0.04293301701545715, 0.04293034225702286, 0.04293494671583176, 0.04293282702565193, 0.042933255434036255, 0.04293103143572807], "fir_Irgb": [0.007486504502594471, 0.00748616736382246, 0.007486869115382433, 0.007487129885703325, 0.007485612295567989, 0.0074871075339615345, 0.007486380636692047, 0.007487725466489792, 0.0074860514141619205, 0.007486451882869005, 0.007487524766474962, 0.007487094029784203, 0.0074873934499919415, 0.007487316150218248, 0.007486735004931688, 0.0074865431524813175, 0.007487229071557522, 0.007486438844352961, 0.007486472371965647, 0.007487262599170208, 0.0074878865852952, 0.007486828602850437, 0.007486642338335514, 0.007487853989005089, 0.0074871256947517395, 0.007486728020012379, 0.007487336173653603, 0.007486801128834486, 0.007487083785235882, 0.007486516144126654],