{"model-name": "featureEmbeddingBackbone", "epochs": 50, "loss_function": "mse_pixel", "resumed_from": null, "train_size": 3462, "test_size": 998, "tag_name": "SkyData-mse_pixel-featureEmbeddingBackbone-1-50-2a0120c316604ac997ce208f3c26c0fb", "per_epoch_metrics": {"train_loss": {"fir_frgb": [0.06953293830156326, 0.05622487515211105, 0.05288953334093094, 0.05158156529068947, 0.05071011185646057, 0.05025112256407738, 0.04994499683380127, 0.04966349899768829, 0.049464426934719086, 0.04931609705090523, 0.04920310527086258, 0.0491013340651989, 0.04901866987347603, 0.04895060881972313, 0.048895835876464844, 0.04883578419685364, 0.048780474811792374, 0.04873407632112503, 0.04869913309812546, 0.04866397753357887, 0.048644427210092545, 0.04861796274781227, 0.048598043620586395, 0.04858016595244408, 0.04856443777680397, 0.048551175743341446, 0.04854052513837814, 0.04853061959147453, 0.048521555960178375, 0.048514511436223984, 0.04850734770298004, 0.048502277582883835, 0.04849516600370407, 0.0484919436275959, 0.04848624765872955, 0.04848521947860718, 0.04847939312458038, 0.048478350043296814, 0.04847584292292595, 0.048473507165908813, 0.0484718382358551, 0.04847028851509094, 0.0484694242477417, 0.04846591129899025, 0.04846666008234024, 0.04846610873937607, 0.04846504330635071, 0.04846401512622833, 0.04846308380365372, 0.04846450686454773], "fir_Iir": [0.15395310521125793, 0.1627894639968872, 0.1648671180009842, 0.16583621501922607, 0.16643844544887543, 0.16684545576572418, 0.167148157954216, 0.167379692196846, 0.1675664335489273, 0.16771432757377625, 0.16784147918224335, 0.16794297099113464, 0.1680242419242859, 0.1681060642004013, 0.16816465556621552, 0.1682254821062088, 0.16826823353767395, 0.16831034421920776, 0.16834662854671478, 0.16837772727012634, 0.1684049814939499, 0.16842684149742126, 0.16845481097698212, 0.16846999526023865, 0.16848772764205933, 0.16849923133850098, 0.16851367056369781, 0.16852141916751862, 0.16853033006191254, 0.16854144632816315, 0.1685439795255661, 0.16854985058307648, 0.1685582399368286, 0.16855907440185547, 0.16856805980205536, 0.16857197880744934, 0.1685718148946762, 0.16857361793518066, 0.1685798317193985, 0.16857779026031494, 0.1685841828584671, 0.16858217120170593, 0.16859035193920135, 0.1685853749513626, 0.16858889162540436, 0.16858358681201935, 0.16859221458435059, 0.1685866117477417, 0.16859468817710876, 0.16859383881092072], "frgb_Irgb": [0.04027596488595009, 0.04096026346087456, 0.041914377361536026, 0.04225781187415123, 0.04248327761888504, 0.042591847479343414, 0.04266790300607681, 0.04273651912808418, 0.04278223216533661, 0.04281751438975334, 0.04284298047423363, 0.04286707937717438, 0.04288508743047714, 0.04290185868740082, 0.04291500896215439, 0.04292811453342438, 0.04294133186340332, 0.04295312613248825, 0.04296208545565605, 0.04296964779496193, 0.042973775416612625, 0.0429808534681797, 0.042985111474990845, 0.042988553643226624, 0.042992617934942245, 0.042994990944862366, 0.042997781187295914, 0.04299953207373619, 0.043001752346754074, 0.04300343990325928, 0.04300433024764061, 0.04300471022725105, 0.04300805181264877, 0.04300724342465401, 0.04300997778773308, 0.043009404093027115, 0.04301123693585396, 0.043010860681533813, 0.0430118553340435, 0.04301031678915024, 0.04301275312900543, 0.04301408678293228, 0.043013185262680054, 0.04301432520151138, 0.04301394149661064, 0.04301322251558304, 0.04301402345299721, 0.04301377758383751, 0.04301599785685539, 0.04301370680332184], "fir_Irgb": [0.023105183616280556, 0.01350113283842802, 0.011240462772548199, 0.010177929885685444, 0.009542625397443771, 0.009125550277531147, 0.008813126012682915, 0.008570089004933834, 0.008375259116292, 0.00822777021676302, 0.008093871176242828, 0.007989592850208282, 0.007894497364759445, 0.007817038334906101, 0.007752866949886084, 0.007691119331866503, 0.007647841237485409, 0.007600700482726097, 0.007564617320895195, 0.007531875278800726, 0.0075035919435322285, 0.007477745413780212, 0.0074544562958180904, 0.007435088511556387, 0.007417867425829172, 0.007403434254229069, 0.007391692604869604, 0.0073811630718410015, 0.007371211424469948, 0.007361555937677622, 0.007353848312050104, 0.007347481790930033, 0.007342458702623844, 0.007337192073464394, 0.007332357112318277, 0.00732954079285264, 0.007325674407184124, 0.007322717923671007, 0.007320194039493799, 0.007317579351365566, 0.007316155359148979, 0.007313550915569067, 0.007313440088182688, 0.0073115164414048195, 0.007310470100492239, 0.007309584878385067, 0.007308831438422203, 0.007307913154363632, 0.007307086605578661, 0.007307062391191721], "frgb_Iir": [0.06953293830156326, 0.05622487515211105, 0.05288953334093094, 0.05158156529068947, 0.05071011185646057, 0.05025112256407738, 0.04994499683380127, 0.04966349899768829, 0.049464426934719086, 0.04931609705090523, 0.04920310527086258, 0.0491013340651989, 0.04901866987347603, 0.04895060881972313, 0.048895835876464844, 0.04883578419685364, 0.048780474811792374, 0.04873407632112503, 0.04869913309812546, 0.04866397753357887, 0.048644427210092545, 0.04861796274781227, 0.048598043620586395, 0.04858016595244408, 0.04856443777680397, 0.048551175743341446, 0.04854052513837814, 0.04853061959147453, 0.048521555960178375, 0.048514511436223984, 0.04850734770298004, 0.048502277582883835, 0.04849516600370407, 0.0484919436275959, 0.04848624765872955, 0.04848521947860718, 0.04847939312458038, 0.048478350043296814, 0.04847584292292595, 0.048473507165908813, 0.0484718382358551, 0.04847028851509094, 0.0484694242477417, 0.04846591129899025, 0.04846666008234024, 0.04846610873937607, 0.04846504330635071, 0.04846401512622833, 0.04846308380365372, 0.04846450686454773], "ir_Irgb": [0.17622999846935272, 0.17622925341129303, 0.1762312799692154, 0.17622897028923035, 0.1762300431728363, 0.1762300431728363, 0.17623208463191986, 0.1762305051088333, 0.17623071372509003, 0.17623192071914673, 0.17623041570186615, 0.17623043060302734, 0.17622676491737366, 0.17623169720172882, 0.17622949182987213, 0.17623071372509003, 0.17622900009155273, 0.17623063921928406, 0.17623038589954376, 0.1762295514345169, 0.1762312352657318, 0.1762317717075348, 0.1762329339981079, 0.17623092234134674, 0.1762329638004303, 0.17623093724250793, 0.1762315183877945, 0.17623122036457062, 0.17622919380664825, 0.17623268067836761, 0.17622916400432587, 0.1762286275625229, 0.1762303113937378, 0.176229327917099, 0.176229789853096, 0.1762322038412094, 0.17622974514961243, 0.17623014748096466, 0.17623047530651093, 0.17622631788253784, 0.1762308031320572, 0.1762326955795288, 0.17623105645179749, 0.1762286275625229, 0.17623089253902435, 0.17622920870780945, 0.1762298345565796, 0.17622888088226318, 0.176232248544693, 0.17623105645179749], "total_loss": [0.13306815922260284, 0.11084917932748795, 0.10620936006307602, 0.10418325662612915, 0.10290256887674332, 0.10213548690080643, 0.10159330070018768, 0.10113760828971863, 0.10078959912061691, 0.10052921622991562, 0.10030791163444519, 0.10012605786323547, 0.09996639937162399, 0.09983772784471512, 0.09973200410604477, 0.09962335228919983, 0.09953803569078445, 0.09945632517337799, 0.0993943139910698, 0.0993340015411377, 0.09929032623767853, 0.0992451086640358, 0.09920618683099747, 0.09917239844799042, 0.09914351999759674, 0.09911821782588959, 0.09909863024950027, 0.09907995164394379, 0.09906315803527832, 0.09904816746711731, 0.09903419762849808, 0.09902314096689224, 0.09901436418294907, 0.09900505840778351, 0.09899727255105972, 0.09899286180734634, 0.0989849865436554, 0.0989806205034256, 0.09897658973932266, 0.09897009283304214, 0.0989694595336914, 0.09896662086248398, 0.09896475076675415, 0.09896045923233032, 0.098959781229496, 0.0989576131105423, 0.09895660728216171, 0.09895441681146622, 0.09895487874746323, 0.09895399957895279]},