{"model-name": "regressionBlock", "epochs": 30, "resumed_from": null, "train_size": 3462, "test_size": 998, "featureEmbeddingBackBone": null, "predicting_homography": true, "tag_name": "SkyData-regressionBlock-mse_pixel-l2_homography_loss-homography-2-30-f70c6c28539e48ebb50d624f327db77c", "per_epoch_metrics": {"backbone_train_loss": {"fir_frgb": [0.048466913402080536, 0.048466093838214874, 0.04846695810556412, 0.048466771841049194, 0.04846715182065964, 0.04846659302711487, 0.04846741631627083, 0.048467617481946945, 0.04846680164337158, 0.04846589267253876], "fir_Iir": [0.1686829775571823, 0.16868147253990173, 0.16868336498737335, 0.16868287324905396, 0.16868412494659424, 0.16868211328983307, 0.16868510842323303, 0.1686856597661972, 0.1686829924583435, 0.16868139803409576], "frgb_Irgb": [0.04301038756966591, 0.04301002249121666, 0.04301042854785919, 0.04301042482256889, 0.04301061853766441, 0.04301004856824875, 0.043010812252759933, 0.04301111027598381, 0.04301039129495621, 0.043009668588638306], "fir_Irgb": [0.007306222338229418, 0.007305758073925972, 0.007305903360247612, 0.007306083105504513, 0.007305958773940802, 0.007305989507585764, 0.007305948529392481, 0.007306235376745462, 0.007306047715246677, 0.00730546098202467], "frgb_Iir": [0.048466913402080536, 0.048466093838214874, 0.04846695810556412, 0.048466771841049194, 0.04846715182065964, 0.04846659302711487, 0.04846741631627083, 0.048467617481946945, 0.04846680164337158, 0.04846589267253876], "ir_Irgb": [0.17623060941696167, 0.1762286275625229, 0.17623081803321838, 0.1762305647134781, 0.1762317270040512, 0.17622940242290497, 0.17623257637023926, 0.17623353004455566, 0.1762305200099945, 0.1762273609638214], "total_loss": [0.09895232319831848, 0.09895067662000656, 0.09895209223031998, 0.09895207732915878, 0.0989525318145752, 0.09895142912864685, 0.09895298629999161, 0.09895376861095428, 0.0989520475268364, 0.09894981980323792]}, "backbone_test_results": {"fir_frgb": [0.0484246127307415, 0.04842297360301018, 0.04842710867524147, 0.04842573031783104, 0.048423945903778076, 0.048423971980810165, 0.04842201620340347, 0.048426784574985504, 0.04842311888933182, 0.04842425882816315], "fir_Iir": [0.16815227270126343, 0.16815045475959778, 0.1681605875492096, 0.1681552231311798, 0.16815239191055298, 0.1681516170501709, 0.1681469976902008, 0.1681591123342514, 0.16815225780010223, 0.1681496649980545], "frgb_Irgb": [0.04293138161301613, 0.04293084517121315, 0.04293326288461685, 0.042931798845529556, 0.04293058440089226, 0.0429316945374012, 0.04292983189225197, 0.04293278604745865, 0.04293143004179001, 0.042930785566568375], "fir_Irgb": [0.007486504502594471, 0.00748616736382246, 0.007486869115382433, 0.007487129885703325, 0.007485612295567989, 0.0074871075339615345, 0.007486380636692047, 0.007487725466489792, 0.0074860514141619205, 0.007486451882869005], "frgb_Iir": [0.0484246127307415, 0.04842297360301018, 0.04842710867524147, 0.04842573031783104, 0.048423945903778076, 0.048423971980810165, 0.04842201620340347, 0.048426784574985504, 0.04842311888933182, 0.04842425882816315], "ir_Irgb": [0.17592845857143402, 0.17592531442642212, 0.17593714594841003, 0.17593063414096832, 0.1759255826473236, 0.17592781782150269, 0.17592135071754456, 0.17593592405319214, 0.17592643201351166, 0.17592649161815643], "total_loss": [0.09901077300310135, 0.09900824725627899, 0.09901551902294159, 0.09901293367147446, 0.09900841861963272, 0.09901104867458344, 0.09900648146867752, 0.09901557117700577, 0.09900886565446854, 0.09900977462530136]}, "train_loss": {"l1_homography_loss": [4.228930473327637, 3.9055228233337402, 3.831293821334839, 3.8211710453033447, 3.852485418319702, 3.4841818809509277, 3.1787168979644775, 3.5085272789001465, 3.685201406478882, 3.6841719150543213], "l2_homography_loss": [96.64508056640625, 84.44982147216797, 80.41389465332031, 80.48877716064453, 82.63642883300781, 72.69769287109375, 60.556156158447266, 70.6239242553711, 75.73609161376953, 75.7204818725586], "l1_corners_loss": [104.48920440673828, 156.5087432861328, 123.38338470458984, 111.29469299316406, 125.90096282958984, 286.672607421875, 179.9149169921875, 520.3124389648438, 39.99735641479492, 1117.3736572265625], "l2_corners_loss": [2478581.0, 129109472.0, 2267093.0, 1175560.375, 8552760.0, 253126496.0, 8543372.0, 1817851264.0, 320757.3125, 18543124480.0], "total_loss": [96.64508056640625, 84.44982147216797, 80.41389465332031, 80.48877716064453, 82.63642883300781, 72.69769287109375, 60.556156158447266, 70.6239242553711, 75.73609161376953, 75.7204818725586]}, "test_results": {"l1_homography_loss": [3.8217620849609375, 3.7429707050323486, 4.029630661010742, 4.0040483474731445, 3.6627068519592285, 3.466613292694092, 3.746626377105713, 3.7036936283111572, 3.702922821044922, 3.703362464904785], "l2_homography_loss": [77.86992645263672, 75.8998031616211, 89.4993896484375, 89.17306518554688, 78.89054870605469, 74.42375183105469, 73.97488403320312, 76.2088394165039, 76.0401611328125, 76.56109619140625], "l1_corners_loss": [93.56926727294922, 85.76766967773438, 91.02383422851562, 94.05872344970703, 93.15312957763672, 349.0970764160156, 89.23750305175781, 30.457727432250977, 49.81377410888672, 53.25527572631836], "l2_corners_loss": [13933.9384765625, 11747.45703125, 13111.64453125, 13926.4912109375, 13947.69921875, 505821440.0, 12684.8251953125, 1394.0018310546875, 5902.24169921875, 5063.1220703125], "total_loss": [77.86992645263672, 75.8998031616211, 89.4993896484375, 89.17306518554688, 78.89054870605469, 74.42375183105469, 73.97488403320312, 76.2088394165039, 76.0401611328125, 76.56109619140625]}}, "training_time": "29.24 hours", "featureEmbeddingBackbone": "models/SkyData/mse_pixel/SkyData-mse_pixel-featureEmbeddingBackbone-1-50-2a0120c316604ac997ce208f3c26c0fb-26.keras"}