{"model-name": "regressionBlock", "epochs": 30, "resumed_from": null, "train_size": 3462, "test_size": 998, "featureEmbeddingBackBone": null, "predicting_homography": false, "tag_name": "SkyData-regressionBlock-ssim_pixel-l2_corners_loss-corners-2-30-e900ffec7e6d4ccebc7d29bffe14b222", "per_epoch_metrics": {"backbone_train_loss": {"fir_frgb": [0.7087672352790833, 0.7087706327438354, 0.7087714076042175, 0.7087783217430115, 0.708774209022522, 0.7087757587432861, 0.7087687849998474, 0.7087773084640503, 0.7087737917900085, 0.7087836265563965, 0.7087690830230713, 0.7087626457214355, 0.7087697386741638, 0.7087688446044922, 0.7087732553482056, 0.7087720632553101, 0.7087703347206116, 0.7087615132331848, 0.7087739706039429, 0.7087709903717041, 0.7087697386741638, 0.7087647914886475, 0.7087719440460205, 0.7087757587432861, 0.7087674736976624, 0.7087692618370056, 0.7087706923484802, 0.7087740302085876, 0.7087745666503906, 0.7087803483009338], "fir_Iir": [0.8384384512901306, 0.8384393453598022, 0.838442325592041, 0.838445782661438, 0.8384434580802917, 0.8384456634521484, 0.8384350538253784, 0.8384521007537842, 0.8384389281272888, 0.8384575843811035, 0.8384349942207336, 0.8384280800819397, 0.8384357690811157, 0.8384400606155396, 0.838440477848053, 0.8384404182434082, 0.8384355902671814, 0.8384342193603516, 0.8384417295455933, 0.8384402394294739, 0.8384326696395874, 0.8384357690811157, 0.8384362459182739, 0.8384443521499634, 0.8384391069412231, 0.8384355306625366, 0.8384386301040649, 0.8384444713592529, 0.8384447693824768, 0.8384479880332947], "frgb_Irgb": [0.08728262782096863, 0.0872817188501358, 0.08728163689374924, 0.08728175610303879, 0.0872819647192955, 0.08728151023387909, 0.0872809886932373, 0.08728282898664474, 0.0872802659869194, 0.08728326857089996, 0.08728104829788208, 0.08728095889091492, 0.08728067576885223, 0.08728291839361191, 0.08728175610303879, 0.08728159219026566, 0.08728045225143433, 0.08728320896625519, 0.08728126436471939, 0.08728215098381042, 0.08727993071079254, 0.08728267252445221, 0.0872802883386612, 0.0872814729809761, 0.08728235214948654, 0.0872807651758194, 0.08728136867284775, 0.08728209137916565, 0.0872822031378746, 0.08728134632110596], "fir_Irgb": [0.27523401379585266, 0.27523893117904663, 0.2752351760864258, 0.2752460539340973, 0.27523818612098694, 0.27524465322494507, 0.27523934841156006, 0.2752303183078766, 0.2752443253993988, 0.2752385437488556, 0.2752382457256317, 0.2752384841442108, 0.27523696422576904, 0.27523964643478394, 0.27524736523628235, 0.2752426862716675, 0.2752395570278168, 0.2752264440059662, 0.27524030208587646, 0.27524271607398987, 0.27524539828300476, 0.27523311972618103, 0.2752422094345093, 0.27523744106292725, 0.27523383498191833, 0.27524471282958984, 0.27523356676101685, 0.2752378284931183, 0.2752408981323242, 0.2752477824687958], "frgb_Iir": [0.7087672352790833, 0.7087706327438354, 0.7087714076042175, 0.7087783217430115, 0.708774209022522, 0.7087757587432861, 0.7087687849998474, 0.7087773084640503, 0.7087737917900085, 0.7087836265563965, 0.7087690830230713, 0.7087626457214355, 0.7087697386741638, 0.7087688446044922, 0.7087732553482056, 0.7087720632553101, 0.7087703347206116, 0.7087615132331848, 0.7087739706039429, 0.7087709903717041, 0.7087697386741638, 0.7087647914886475, 0.7087719440460205, 0.7087757587432861, 0.7087674736976624, 0.7087692618370056, 0.7087706923484802, 0.7087740302085876, 0.7087745666503906, 0.7087803483009338], "ir_Irgb": [0.8555900454521179, 0.8555904626846313, 0.8555921316146851, 0.8555969595909119, 0.8555943965911865, 0.855596125125885, 0.855587363243103, 0.8556005954742432, 0.8555912375450134, 0.8556066751480103, 0.855587363243103, 0.8555811643600464, 0.855587899684906, 0.8555912971496582, 0.8555918335914612, 0.8555914759635925, 0.8555883765220642, 0.8555872440338135, 0.8555931448936462, 0.8555912971496582, 0.8555852770805359, 0.8555871248245239, 0.8555883765220642, 0.8555951714515686, 0.8555907011032104, 0.8555868864059448, 0.8555904626846313, 0.8555945754051208, 0.8555951118469238, 0.8555989265441895], "total_loss": [1.0721224546432495, 1.0721299648284912, 1.072126865386963, 1.0721447467803955, 1.0721330642700195, 1.0721405744552612, 1.0721278190612793, 1.0721291303634644, 1.0721371173858643, 1.0721441507339478, 1.0721269845962524, 1.0721207857131958, 1.072126030921936, 1.0721300840377808, 1.0721410512924194, 1.0721349716186523, 1.0721291303634644, 1.0721098184585571, 1.072134256362915, 1.0721344947814941, 1.0721337795257568, 1.0721192359924316, 1.072133183479309, 1.0721334218978882, 1.07212233543396, 1.0721334218978882, 1.0721243619918823, 1.0721325874328613, 1.072136402130127, 1.0721482038497925]}, "backbone_test_results": {"fir_frgb": [0.7055385112762451, 0.7055581212043762, 0.7055639624595642, 0.7055470943450928, 0.705567479133606, 0.7055708169937134, 0.7055459022521973, 0.705599308013916, 0.7055573463439941, 0.7055953145027161, 0.7055773138999939, 0.705593466758728, 0.7056290507316589, 0.7055800557136536, 0.7055796384811401, 0.7055844664573669, 0.7055795192718506, 0.7055538296699524, 0.7056140303611755, 0.7055617570877075, 0.70556640625, 0.7055944800376892, 0.7055785059928894, 0.7056266665458679, 0.7055808901786804, 0.7055574655532837, 0.7055587768554688, 0.7055599093437195, 0.7055559158325195, 0.7055649757385254], "fir_Iir": [0.8339008092880249, 0.833903431892395, 0.8339028358459473, 0.833879292011261, 0.8339043855667114, 0.833907425403595, 0.8338796496391296, 0.8339338302612305, 0.8338983654975891, 0.8339462280273438, 0.833911120891571, 0.8339439034461975, 0.8339720368385315, 0.8339304327964783, 0.8339123725891113, 0.8339261412620544, 0.8339201211929321, 0.8338793516159058, 0.8339609503746033, 0.8339086771011353, 0.8339133262634277, 0.8339300155639648, 0.8338991403579712, 0.833977997303009, 0.8339185118675232, 0.8339146375656128, 0.8338939547538757, 0.8339012861251831, 0.8339042663574219, 0.8339125514030457], "frgb_Irgb": [0.08717059344053268, 0.08716554194688797, 0.08716339617967606, 0.08716117590665817, 0.08716493844985962, 0.08716652542352676, 0.08716563135385513, 0.0871632918715477, 0.08716431260108948, 0.08716681599617004, 0.08716298639774323, 0.08717029541730881, 0.08716665953397751, 0.08716921508312225, 0.08716074377298355, 0.08716633915901184, 0.08716482669115067, 0.0871603712439537, 0.08716825395822525, 0.08716575801372528, 0.08716723322868347, 0.08715956658124924, 0.08715809881687164, 0.08716712146997452, 0.08716288208961487, 0.08716987073421478, 0.08716349303722382, 0.0871674120426178, 0.08716720342636108, 0.08716993033885956], "fir_Irgb": [0.27349457144737244, 0.2735239863395691, 0.2735404968261719, 0.2735339403152466, 0.2735363841056824, 0.2735612094402313, 0.2735677659511566, 0.2735660672187805, 0.27353501319885254, 0.2735559642314911, 0.27355924248695374, 0.2735334038734436, 0.2735561430454254, 0.27355125546455383, 0.2735622227191925, 0.2735685110092163, 0.2735316753387451, 0.2735510766506195, 0.27354666590690613, 0.27354851365089417, 0.27354392409324646, 0.2735584080219269, 0.2735520005226135, 0.2735670804977417, 0.2735559046268463, 0.2735459804534912, 0.2735293507575989, 0.2735362648963928, 0.27352187037467957, 0.2735320031642914], "frgb_Iir": [0.7055385112762451, 0.7055581212043762, 0.7055639624595642, 0.7055470943450928, 0.705567479133606, 0.7055708169937134, 0.7055459022521973, 0.705599308013916, 0.7055573463439941, 0.7055953145027161, 0.7055773138999939, 0.705593466758728, 0.7056290507316589, 0.7055800557136536, 0.7055796384811401, 0.7055844664573669, 0.7055795192718506, 0.7055538296699524, 0.7056140303611755, 0.7055617570877075, 0.70556640625, 0.7055944800376892, 0.7055785059928894, 0.7056266665458679, 0.7055808901786804, 0.7055574655532837, 0.7055587768554688, 0.7055599093437195, 0.7055559158325195, 0.7055649757385254],