{"model-name": "featureEmbeddingBackbone", "epochs": 2, "resumed_from": "models/SkyData/featureEmbeddingBackBone-ff2c7d370bbd4b24b36fad117b780480-1.keras", "train_size": 13850, "test_size": 3995, "tag_name": "SkyData-featureEmbeddingBackbone-1-2-c3e9b4492bbc4e75b9d719eefa4e3bc2", "per_epoch_metrics": {"train_loss": {"fir_frgb": [19292.2578125, 21071.3203125], "fir_Iir": [36945.9140625, 20272.40234375], "frgb_Irgb": [20219.923828125, 12369.830078125], "fir_Irgb": [40078.796875, 52243.703125], "frgb_Iir": [19292.2578125, 21071.3203125], "ir_Irgb": [24299.7421875, 25357.19921875], "total_loss": [79627.921875, 85705.125]}, "test_results": {"fir_frgb": [17086.0546875, 9973.4921875], "fir_Iir": [9812.640625, 32799.5546875], "frgb_Irgb": [24476.1171875, 7676.833984375], "fir_Irgb": [17818.7578125, 25713.87890625], "frgb_Iir": [17086.0546875, 9973.4921875], "ir_Irgb": [28711.4609375, 25757.48046875], "total_loss": [59390.7421875, 43397.0078125]}}, "training_time": "0.01 hours"}