{"model-name": "regressionBlock", "epochs": 30, "resumed_from": null, "train_size": 3462, "test_size": 998, "featureEmbeddingBackBone": null, "predicting_homography": true, "tag_name": "SkyData-regressionBlock-mse_pixel-l2_homography_loss-homography-2-30-f70c6c28539e48ebb50d624f327db77c", "per_epoch_metrics": {"backbone_train_loss": {"fir_frgb": [0.048466913402080536, 0.048466093838214874, 0.04846695810556412, 0.048466771841049194], "fir_Iir": [0.1686829775571823, 0.16868147253990173, 0.16868336498737335, 0.16868287324905396], "frgb_Irgb": [0.04301038756966591, 0.04301002249121666, 0.04301042854785919, 0.04301042482256889], "fir_Irgb": [0.007306222338229418, 0.007305758073925972, 0.007305903360247612, 0.007306083105504513], "frgb_Iir": [0.048466913402080536, 0.048466093838214874, 0.04846695810556412, 0.048466771841049194], "ir_Irgb": [0.17623060941696167, 0.1762286275625229, 0.17623081803321838, 0.1762305647134781], "total_loss": [0.09895232319831848, 0.09895067662000656, 0.09895209223031998, 0.09895207732915878]}, "backbone_test_results": {"fir_frgb": [0.0484246127307415, 0.04842297360301018, 0.04842710867524147, 0.04842573031783104], "fir_Iir": [0.16815227270126343, 0.16815045475959778, 0.1681605875492096, 0.1681552231311798], "frgb_Irgb": [0.04293138161301613, 0.04293084517121315, 0.04293326288461685, 0.042931798845529556], "fir_Irgb": [0.007486504502594471, 0.00748616736382246, 0.007486869115382433, 0.007487129885703325], "frgb_Iir": [0.0484246127307415, 0.04842297360301018, 0.04842710867524147, 0.04842573031783104], "ir_Irgb": [0.17592845857143402, 0.17592531442642212, 0.17593714594841003, 0.17593063414096832], "total_loss": [0.09901077300310135, 0.09900824725627899, 0.09901551902294159, 0.09901293367147446]}, "train_loss": {"l1_homography_loss": [4.228930473327637, 3.9055228233337402, 3.831293821334839, 3.8211710453033447], "l2_homography_loss": [96.64508056640625, 84.44982147216797, 80.41389465332031, 80.48877716064453], "l1_corners_loss": [104.48920440673828, 156.5087432861328, 123.38338470458984, 111.29469299316406], "l2_corners_loss": [2478581.0, 129109472.0, 2267093.0, 1175560.375], "total_loss": [96.64508056640625, 84.44982147216797, 80.41389465332031, 80.48877716064453]}, "test_results": {"l1_homography_loss": [3.8217620849609375, 3.7429707050323486, 4.029630661010742, 4.0040483474731445], "l2_homography_loss": [77.86992645263672, 75.8998031616211, 89.4993896484375, 89.17306518554688], "l1_corners_loss": [93.56926727294922, 85.76766967773438, 91.02383422851562, 94.05872344970703], "l2_corners_loss": [13933.9384765625, 11747.45703125, 13111.64453125, 13926.4912109375], "total_loss": [77.86992645263672, 75.8998031616211, 89.4993896484375, 89.17306518554688]}}, "training_time": "11.64 hours", "featureEmbeddingBackbone": "models/SkyData/mse_pixel/SkyData-mse_pixel-featureEmbeddingBackbone-1-50-2a0120c316604ac997ce208f3c26c0fb-26.keras"}