{"model-name": "regressionBlock", "epochs": 30, "resumed_from": null, "train_size": 3462, "test_size": 998, "featureEmbeddingBackBone": null, "predicting_homography": true, "tag_name": "SkyData-regressionBlock-sse_pixel-l2_homography_loss-homography-2-30-3be7fc960c9a4a0bb4ee8922306a0c83", "per_epoch_metrics": {"backbone_train_loss": {"fir_frgb": [27955.890625, 27955.5703125, 27955.76171875, 27955.529296875], "fir_Iir": [62487.62109375, 62486.9453125, 62487.51953125, 62487.08203125], "frgb_Irgb": [14438.9150390625, 14438.8095703125, 14438.908203125, 14438.865234375], "fir_Irgb": [6887.77099609375, 6887.751953125, 6887.62451171875, 6887.6962890625], "frgb_Iir": [27955.890625, 27955.5703125, 27955.76171875, 27955.529296875], "ir_Irgb": [69297.109375, 69296.40625, 69296.8984375, 69296.34375], "total_loss": [49345.0703125, 49344.62890625, 49344.79296875, 49344.5859375]}, "backbone_test_results": {"fir_frgb": [28143.26171875, 28143.794921875, 28143.166015625, 28143.623046875], "fir_Iir": [62193.265625, 62193.40234375, 62191.80078125, 62193.73828125], "frgb_Irgb": [14316.3486328125, 14316.541015625, 14317.244140625, 14316.83984375], "fir_Irgb": [6965.61083984375, 6966.95166015625, 6967.84814453125, 6966.3466796875], "frgb_Iir": [28143.26171875, 28143.794921875, 28143.166015625, 28143.623046875], "ir_Irgb": [69176.84375, 69177.7265625, 69177.6328125, 69177.8046875], "total_loss": [49487.421875, 49489.4921875, 49490.4609375, 49489.015625]}, "train_loss": {"l1_homography_loss": [4.126804351806641, 3.7781083583831787, 3.696014881134033, 3.6902315616607666], "l2_homography_loss": [100.3255615234375, 80.35225677490234, 76.13545227050781, 75.86598205566406], "l1_corners_loss": [139.619384765625, 1220.0513916015625, 186.24952697753906, 277.0220031738281], "l2_corners_loss": [6102269.0, 8224237568.0, 9283334.0, 30645958.0], "total_loss": [100.3255615234375, 80.35225677490234, 76.13545227050781, 75.86598205566406]}, "test_results": {"l1_homography_loss": [3.8424534797668457, 3.6964597702026367, 3.698744773864746, 3.7085068225860596], "l2_homography_loss": [82.69158935546875, 76.01592254638672, 76.03565979003906, 76.8143310546875], "l1_corners_loss": [88.16241455078125, 26.514423370361328, 241.32041931152344, 160.4199676513672], "l2_corners_loss": [14832.1533203125, 1065.853515625, 139922.3125, 55888.32421875], "total_loss": [82.69158935546875, 76.01592254638672, 76.03565979003906, 76.8143310546875]}}, "training_time": "11.62 hours", "featureEmbeddingBackbone": "models/SkyData/sse_pixel/SkyData-sse_pixel-featureEmbeddingBackbone-1-50-c139e1fb63f240789439f2bfc7cba603-6.keras"}