{"model-name": "regressionBlock", "epochs": 30, "resumed_from": null, "train_size": 3462, "test_size": 998, "featureEmbeddingBackBone": null, "predicting_homography": false, "tag_name": "SkyData-regressionBlock-sse_pixel-l2_corners_loss-corners-2-30-70cddfcb182143408a9b4b78c6c976d8", "per_epoch_metrics": {"backbone_train_loss": {"fir_frgb": [27955.94140625, 27955.189453125, 27955.328125, 27954.884765625, 27955.58203125, 27955.7578125, 27955.54296875, 27955.26953125, 27955.41015625, 27955.20703125, 27955.37890625, 27955.1015625, 27954.912109375, 27955.54296875, 27955.3515625, 27955.583984375, 27955.39453125, 27955.822265625, 27955.494140625, 27955.9375, 27955.4296875, 27955.974609375, 27956.13671875, 27956.060546875, 27955.58203125, 27955.490234375, 27955.7109375, 27955.20703125, 27955.146484375, 27955.697265625], "fir_Iir": [62487.71875, 62487.1015625, 62487.109375, 62486.6015625, 62487.6796875, 62487.46875, 62487.29296875, 62486.9375, 62486.98046875, 62486.89453125, 62487.14453125, 62486.84375, 62486.74609375, 62487.19140625, 62486.98046875, 62487.1328125, 62487.171875, 62487.671875, 62487.50390625, 62487.4375, 62487.109375, 62487.69921875, 62488.2109375, 62487.6953125, 62487.23828125, 62486.9609375, 62487.29296875, 62486.7109375, 62486.671875, 62487.16015625], "frgb_Irgb": [14439.0849609375, 14438.79296875, 14438.96484375, 14438.7275390625, 14438.8857421875, 14438.82421875, 14438.86328125, 14438.71484375, 14438.82421875, 14438.677734375, 14438.7470703125, 14438.7685546875, 14438.5810546875, 14438.8515625, 14438.90625, 14438.82421875, 14438.8916015625, 14438.95703125, 14438.8564453125, 14438.939453125, 14438.6962890625, 14438.8623046875, 14439.0576171875, 14438.814453125, 14438.880859375, 14438.978515625, 14438.8447265625, 14438.71484375, 14438.7900390625, 14438.8095703125], "fir_Irgb": [6887.79541015625, 6887.43017578125, 6887.73193359375, 6887.50390625, 6887.52392578125, 6887.5771484375, 6887.64013671875, 6887.505859375, 6887.64013671875, 6887.55615234375, 6887.3154296875, 6887.3681640625, 6887.353515625, 6887.59814453125, 6887.70654296875, 6887.6328125, 6887.67626953125, 6887.51123046875, 6887.5400390625, 6887.73486328125, 6887.51611328125, 6887.6416015625, 6887.748046875, 6887.52587890625, 6887.6787109375, 6887.8037109375, 6887.64404296875, 6887.61962890625, 6887.55078125, 6887.671875], "frgb_Iir": [27955.94140625, 27955.189453125, 27955.328125, 27954.884765625, 27955.58203125, 27955.7578125, 27955.54296875, 27955.26953125, 27955.41015625, 27955.20703125, 27955.37890625, 27955.1015625, 27954.912109375, 27955.54296875, 27955.3515625, 27955.583984375, 27955.39453125, 27955.822265625, 27955.494140625, 27955.9375, 27955.4296875, 27955.974609375, 27956.13671875, 27956.060546875, 27955.58203125, 27955.490234375, 27955.7109375, 27955.20703125, 27955.146484375, 27955.697265625], "ir_Irgb": [69297.5234375, 69296.09375, 69296.5703125, 69295.6015625, 69296.71875, 69296.71875, 69296.4921875, 69295.8125, 69296.515625, 69295.828125, 69296.140625, 69295.5, 69295.40625, 69296.484375, 69296.4140625, 69296.46875, 69296.484375, 69296.9296875, 69296.7890625, 69297.2421875, 69296.0859375, 69297.1640625, 69297.8515625, 69297.15625, 69296.65625, 69296.5546875, 69296.71875, 69295.8671875, 69295.8671875, 69296.625], "total_loss": [49345.3203125, 49343.9140625, 49344.51953125, 49343.61328125, 49344.48828125, 49344.65625, 49344.5390625, 49343.9921875, 49344.37109375, 49343.94140625, 49343.93359375, 49343.73046875, 49343.34375, 49344.484375, 49344.4609375, 49344.53515625, 49344.4609375, 49344.78515625, 49344.38671875, 49345.109375, 49344.1328125, 49344.9765625, 49345.44140625, 49344.8984375, 49344.63671875, 49344.765625, 49344.69921875, 49344.03515625, 49343.98046875, 49344.67578125]}, "backbone_test_results": {"fir_frgb": [28142.501953125, 28143.994140625, 28144.810546875, 28143.923828125, 28143.51171875, 28141.478515625, 28140.58203125, 28142.900390625, 28144.64453125, 28143.07421875, 28144.765625, 28144.712890625, 28141.939453125, 28144.201171875, 28141.716796875, 28143.48046875, 28144.396484375, 28145.763671875, 28144.87109375, 28144.7578125, 28145.646484375, 28142.27734375, 28143.947265625, 28143.923828125, 28141.779296875, 28144.484375, 28144.9453125, 28143.52734375, 28143.048828125, 28144.33984375], "fir_Iir": [62193.5234375, 62193.12890625, 62193.8359375, 62192.94921875, 62192.109375, 62191.19140625, 62190.71484375, 62192.625, 62194.9296875, 62191.98046875, 62194.26171875, 62193.1640625, 62193.16796875, 62193.6328125, 62191.3203125, 62192.66796875, 62194.2265625, 62194.62109375, 62192.24609375, 62193.80078125, 62194.71875, 62192.11328125, 62195.52734375, 62194.1015625, 62190.7890625, 62193.69140625, 62194.63671875, 62192.33203125, 62193.01953125, 62193.34765625], "frgb_Irgb": [14316.2099609375, 14316.6494140625, 14316.7822265625, 14316.798828125, 14316.830078125, 14317.15234375, 14315.439453125, 14316.609375, 14317.3564453125, 14316.55078125, 14317.31640625, 14317.1181640625, 14316.7314453125, 14316.625, 14316.525390625, 14317.2666015625, 14316.4130859375, 14317.3154296875, 14316.8134765625, 14317.693359375, 14316.9892578125, 14315.970703125, 14317.8359375, 14317.251953125, 14315.9111328125, 14317.2041015625, 14317.203125, 14316.931640625, 14317.1005859375, 14316.77734375], "fir_Irgb": [6965.4560546875, 6966.9306640625, 6966.7744140625, 6967.3115234375, 6966.84375, 6966.48876953125, 6964.7802734375, 6966.46337890625, 6967.29150390625, 6967.2216796875, 6966.958984375, 6967.56005859375, 6966.3505859375, 6967.318359375, 6966.86279296875, 6967.3935546875, 6966.6328125, 6967.310546875, 6967.59326171875, 6968.01025390625, 6967.0302734375, 6965.95166015625, 6967.30712890625, 6966.8095703125, 6965.56201171875, 6967.46240234375, 6966.93896484375, 6967.67333984375, 6966.75732421875, 6967.2001953125], "frgb_Iir": [28142.501953125, 28143.994140625, 28144.810546875, 28143.923828125, 28143.51171875, 28141.478515625, 28140.58203125, 28142.900390625, 28144.64453125, 28143.07421875, 28144.765625, 28144.712890625, 28141.939453125, 28144.201171875, 28141.716796875, 28143.48046875, 28144.396484375, 28145.763671875, 28144.87109375, 28144.7578125, 28145.646484375, 28142.27734375, 28143.947265625, 28143.923828125, 28141.779296875, 28144.484375, 28144.9453125, 28143.52734375, 28143.048828125, 28144.33984375], "ir_Irgb": [69176.46875, 69177.6484375, 69178.9453125, 69178.609375, 69177.1484375, 69175.1640625, 69171.0, 69176.3359375, 69179.90625, 69176.3984375, 69180.1875, 69179.015625, 69175.3359375, 69178.09375, 69174.0078125, 69178.6796875, 69178.40625, 69181.1796875, 69178.8203125, 69180.46875, 69180.6171875, 69174.9921875, 69180.515625, 69179.125, 69173.2578125, 69179.1171875, 69179.40625, 69177.71875, 69177.28125, 69178.21875], "total_loss": [49486.3671875, 49489.78125, 49490.5703125, 49490.23828125, 49489.38671875, 49487.3203125, 49483.00390625, 49488.17578125, 49491.5, 49489.05078125, 49491.24609375, 49491.58984375, 49487.22265625, 49490.34765625, 49487.3046875, 49490.34765625, 49489.64453125, 49492.59375, 49491.48046875, 49492.6640625, 49491.87109375, 49486.40625, 49491.29296875, 49490.1875, 49485.44921875, 49491.35546875, 49491.29296875, 49490.3359375, 49489.109375, 49490.515625]}, "train_loss": {"l1_homography_loss": [0.0, 0.0, 0.0, 0.0, 0.0, 0.0, 0.0, 0.0, 0.0, 0.0, 0.0, 0.0, 0.0, 0.0, 0.0, 0.0, 0.0, 0.0, 0.0, 0.0, 0.0, 0.0, 0.0, 0.0, 0.0, 0.0, 0.0, 0.0, 0.0, 0.0], "l2_homography_loss": [0.0, 0.0, 0.0, 0.0, 0.0, 0.0, 0.0, 0.0, 0.0, 0.0, 0.0, 0.0, 0.0, 0.0, 0.0, 0.0, 0.0, 0.0, 0.0, 0.0, 0.0, 0.0, 0.0, 0.0, 0.0, 0.0, 0.0, 0.0, 0.0, 0.0],