{"model-name": "featureEmbeddingBackbone", "epochs": 2, "resumed_from": null, "train_size": 13850, "test_size": 3995, "tag_name": "SkyData-featureEmbeddingBackbone-1-2-85bf6f82e3bb4289bb43ec7be7c32c1f", "per_epoch_metrics": {"train_loss": {"fir_frgb": [11117.955078125], "fir_Iir": [18388.0078125], "frgb_Irgb": [7700.2119140625], "fir_Irgb": [18671.83984375], "frgb_Iir": [11117.955078125], "ir_Irgb": [23582.1328125], "total_loss": [37508.3984375]}, "test_results": {"fir_frgb": [10652.46484375], "fir_Iir": [61784.60546875], "frgb_Irgb": [3693.873046875], "fir_Irgb": [39553.44921875], "frgb_Iir": [10652.46484375], "ir_Irgb": [23127.4765625], "total_loss": [53961.57421875]}}, "training_time": "4.27 hours"}