{"model-name": "regressionBlock", "epochs": 2, "resumed_from": null, "train_size": 234, "test_size": 234, "featureEmbeddingBackBone": null, "predicting_homography": true, "tag_name": "VEDAI-regressionBlock-homography-2-2-15dd11a4ad4a45a085fb513088b60f49", "per_epoch_metrics": {"backbone_train_loss": {"fir_frgb": [19552.0, 19536.0], "fir_Iir": [16480.0, 16464.0], "frgb_Irgb": [10424.0, 10424.0], "fir_Irgb": [11288.0, 11288.0], "frgb_Iir": [19552.0, 19536.0], "ir_Irgb": [18736.0, 18752.0], "total_loss": [41280.8203125, 41261.40234375]}, "backbone_test_results": {"fir_frgb": [19552.0, 19552.0], "fir_Iir": [16480.0, 16480.0], "frgb_Irgb": [10424.0, 10424.0], "fir_Irgb": [11288.0, 11280.0], "frgb_Iir": [19552.0, 19552.0], "ir_Irgb": [18752.0, 18736.0], "total_loss": [41271.24609375, 41261.8125]}, "train_loss": {"l1_homography_loss": [4.177556037902832, 3.6875882148742676], "l2_homography_loss": [105.3785629272461, 76.42437744140625], "l1_corners_loss": [367.01898193359375, 276.0776672363281], "l2_corners_loss": [54739408.0, 15032864.0], "total_loss": [105.3785629272461, 76.42437744140625]}, "test_results": {"l1_homography_loss": [3.7145135402679443, 3.6932811737060547], "l2_homography_loss": [78.47686004638672, 76.71575927734375], "l1_corners_loss": [36.57936096191406, 40.56875991821289], "l2_corners_loss": [2060.269287109375, 3325.850341796875], "total_loss": [78.47686004638672, 76.71575927734375]}}, "training_time": "0.39 hours", "featureEmbeddingBackbone": "models/VEDAI/featureEmbeddingBackBone-c0ec8edef9804ba5b634d4b08235de3f-1.keras"}